             9	2026-08-25 06:45:30	2	0	1	0
            63	2026-08-25 06:58:00	2	0	1	0
            24	2026-08-25 07:00:10	2	0	1	0
           157	2026-08-25 07:17:05	2	0	1	0
            62	2026-08-25 07:25:58	2	0	1	0
            61	2026-08-25 07:46:22	2	0	1	0
            12	2026-08-25 07:50:45	2	0	1	0
           135	2026-08-25 07:53:29	2	0	1	0
            60	2026-08-25 07:55:49	2	0	1	0
            13	2026-08-25 07:56:11	2	0	1	0
           157	2026-08-25 08:47:15	2	1	1	0
           134	2026-08-25 08:55:27	2	0	1	0
            70	2026-08-25 08:59:37	2	0	1	0
            83	2026-08-25 11:29:07	2	0	1	0
             3	2026-08-25 11:41:23	2	0	1	0
            20	2026-08-25 11:49:10	2	0	1	0
           100	2026-08-25 12:03:31	2	0	1	0
           104	2026-08-25 12:03:52	2	0	1	0
            78	2026-08-25 12:15:37	2	0	1	0
           134	2026-08-25 14:51:32	2	1	1	0
           100	2026-08-25 16:07:20	2	1	1	0
           104	2026-08-25 16:07:35	2	1	1	0
             9	2026-08-25 16:25:37	2	1	1	0
             3	2026-08-25 16:28:27	2	1	1	0
            13	2026-08-25 17:09:15	2	1	1	0
            61	2026-08-25 17:15:55	2	1	1	0
            12	2026-08-25 17:16:27	2	1	1	0
            24	2026-08-25 17:22:30	2	1	1	0
            60	2026-08-25 17:38:58	2	1	1	0
            83	2026-08-25 17:41:25	2	1	1	0
            78	2026-08-25 17:41:33	2	1	1	0
            20	2026-08-25 18:52:11	2	1	1	0
            63	2026-08-25 18:52:27	2	1	1	0
            62	2026-08-25 18:52:35	2	1	1	0
           135	2026-08-25 19:47:51	2	1	1	0
            71	2026-08-26 05:58:10	2	0	1	0
            27	2026-08-26 06:13:14	2	0	1	0
           105	2026-08-26 06:20:19	2	0	1	0
            83	2026-08-26 06:20:53	2	0	1	0
            74	2026-08-26 06:24:46	2	0	1	0
           124	2026-08-26 06:25:29	2	0	1	0
            75	2026-08-26 06:26:52	2	0	1	0
           160	2026-08-26 06:28:26	2	0	1	0
           122	2026-08-26 06:32:07	2	0	1	0
           121	2026-08-26 06:32:18	2	0	1	0
           100	2026-08-26 06:33:07	2	0	1	0
           156	2026-08-26 06:33:24	2	0	1	0
           162	2026-08-26 06:33:36	2	0	1	0
           125	2026-08-26 06:33:42	2	0	1	0
            80	2026-08-26 06:33:48	2	0	1	0
           114	2026-08-26 06:36:02	2	0	1	0
             9	2026-08-26 06:36:44	2	0	1	0
            95	2026-08-26 06:37:15	2	0	1	0
            19	2026-08-26 06:37:53	2	0	1	0
            36	2026-08-26 06:38:53	2	0	1	0
            78	2026-08-26 06:39:03	2	0	1	0
            72	2026-08-26 06:39:51	2	0	1	0
           117	2026-08-26 06:40:32	2	0	1	0
           163	2026-08-26 06:40:42	2	0	1	0
            97	2026-08-26 06:40:52	2	0	1	0
           158	2026-08-26 06:40:59	2	0	1	0
           108	2026-08-26 06:42:31	2	0	1	0
           159	2026-08-26 06:44:46	2	0	1	0
           152	2026-08-26 06:45:44	2	0	1	0
            92	2026-08-26 06:45:51	2	0	1	0
           101	2026-08-26 06:46:07	2	0	1	0
            98	2026-08-26 06:46:35	2	0	1	0
           118	2026-08-26 06:46:44	2	0	1	0
            96	2026-08-26 06:46:50	2	0	1	0
            76	2026-08-26 06:46:57	2	0	1	0
           109	2026-08-26 06:47:15	2	0	1	0
            24	2026-08-26 06:47:59	2	0	1	0
            91	2026-08-26 06:48:21	2	0	3	0
            99	2026-08-26 06:50:26	2	0	1	0
           141	2026-08-26 06:50:41	2	0	3	0
           104	2026-08-26 06:50:47	2	0	1	0
           151	2026-08-26 06:51:20	2	0	1	0
            57	2026-08-26 06:53:26	2	0	1	0
            85	2026-08-26 06:54:21	2	0	1	0
             5	2026-08-26 06:55:38	2	0	1	0
           137	2026-08-26 06:56:05	2	0	1	0
            63	2026-08-26 06:56:16	2	0	1	0
             2	2026-08-26 06:56:27	2	0	1	0
             4	2026-08-26 06:58:22	2	0	1	0
            48	2026-08-26 07:02:03	2	0	1	0
            61	2026-08-26 07:02:10	2	0	1	0
            51	2026-08-26 07:02:19	2	0	1	0
           111	2026-08-26 07:02:57	2	0	1	0
            28	2026-08-26 07:05:44	2	0	1	0
            79	2026-08-26 07:06:14	2	0	1	0
           143	2026-08-26 07:06:21	2	0	1	0
           110	2026-08-26 07:06:29	2	0	1	0
            65	2026-08-26 07:06:45	2	0	3	0
            29	2026-08-26 07:07:34	2	0	1	0
            60	2026-08-26 07:07:54	2	0	1	0
           136	2026-08-26 07:08:09	2	0	1	0
            39	2026-08-26 07:08:56	2	0	1	0
            41	2026-08-26 07:09:11	2	0	1	0
           164	2026-08-26 07:15:47	2	0	1	0
           154	2026-08-26 07:15:52	2	0	1	0
            13	2026-08-26 07:18:42	2	0	1	0
             3	2026-08-26 07:18:53	2	0	1	0
           157	2026-08-26 07:19:26	2	0	1	0
           102	2026-08-26 07:19:44	2	0	1	0
           128	2026-08-26 07:28:14	2	0	1	0
            70	2026-08-26 07:35:12	2	0	1	0
            12	2026-08-26 07:38:25	2	0	1	0
            93	2026-08-26 07:38:42	2	0	1	0
           135	2026-08-26 07:38:50	2	0	1	0
            88	2026-08-26 07:39:18	2	0	1	0
            50	2026-08-26 07:54:22	2	0	1	0
            62	2026-08-26 07:56:26	2	0	1	0
           134	2026-08-26 08:04:19	2	0	1	0
            34	2026-08-26 08:15:24	2	0	3	0
            20	2026-08-26 08:16:08	2	0	1	0
            25	2026-08-26 12:07:33	2	0	1	0
            19	2026-08-26 17:00:28	2	1	1	0
            79	2026-08-26 17:01:08	2	1	1	0
           157	2026-08-26 17:01:19	2	1	1	0
            75	2026-08-26 17:01:33	2	1	1	0
           136	2026-08-26 17:03:03	2	1	1	0
            39	2026-08-26 17:03:10	2	1	1	0
            36	2026-08-26 17:04:02	2	1	1	0
           114	2026-08-26 17:21:11	2	1	1	0
           134	2026-08-26 17:25:32	2	1	1	0
             9	2026-08-26 17:37:06	2	1	1	0
            93	2026-08-26 17:47:39	2	1	1	0
            74	2026-08-26 17:59:55	2	1	1	0
            61	2026-08-26 18:03:01	2	1	1	0
            12	2026-08-26 18:03:11	2	1	1	0
            60	2026-08-26 18:05:22	2	1	1	0
            88	2026-08-26 18:25:57	2	1	1	0
            62	2026-08-26 18:26:10	2	1	1	0
            70	2026-08-26 18:39:52	2	1	1	0
            34	2026-08-26 18:47:51	2	1	3	0
            20	2026-08-26 19:00:55	2	1	1	0
            63	2026-08-26 19:01:10	2	1	1	0
            13	2026-08-26 19:04:49	2	1	1	0
             2	2026-08-26 19:07:43	2	1	1	0
           122	2026-08-26 19:10:15	2	1	1	0
           109	2026-08-26 19:10:38	2	1	1	0
           121	2026-08-26 19:10:47	2	1	1	0
            57	2026-08-26 19:11:04	2	1	1	0
           124	2026-08-26 19:11:28	2	1	1	0
           101	2026-08-26 19:11:51	2	1	1	0
            85	2026-08-26 19:12:56	2	1	1	0
            98	2026-08-26 19:12:59	2	1	1	0
           105	2026-08-26 19:13:23	2	1	1	0
           160	2026-08-26 19:13:31	2	1	1	0
           163	2026-08-26 19:13:35	2	1	1	0
           162	2026-08-26 19:13:44	2	1	1	0
           154	2026-08-26 19:14:01	2	1	1	0
            99	2026-08-26 19:14:09	2	1	1	0
            65	2026-08-26 19:14:26	2	1	3	0
            92	2026-08-26 19:14:39	2	1	1	0
           141	2026-08-26 19:16:59	2	1	3	0
           151	2026-08-26 19:17:12	2	1	1	0
            95	2026-08-26 19:17:26	2	1	1	0
           110	2026-08-26 19:17:40	2	1	1	0
            80	2026-08-26 19:18:11	2	1	1	0
           125	2026-08-26 19:18:16	2	1	1	0
            96	2026-08-26 19:18:22	2	1	1	0
            76	2026-08-26 19:18:35	2	1	1	0
           143	2026-08-26 19:18:41	2	1	1	0
           100	2026-08-26 19:19:11	2	1	1	0
            41	2026-08-26 19:19:36	2	1	1	0
            48	2026-08-26 19:19:48	2	1	1	0
            72	2026-08-26 19:20:09	2	1	1	0
           104	2026-08-26 19:20:13	2	1	1	0
            97	2026-08-26 19:20:45	2	1	1	0
           137	2026-08-26 19:21:06	2	1	1	0
           164	2026-08-26 19:21:14	2	1	1	0
            50	2026-08-26 19:21:26	2	1	1	0
            71	2026-08-26 19:21:33	2	1	1	0
           128	2026-08-26 19:21:39	2	1	1	0
            27	2026-08-26 19:21:46	2	1	1	0
            24	2026-08-26 19:21:58	2	1	1	0
            91	2026-08-26 19:22:33	2	0	3	0
           156	2026-08-26 19:22:40	2	1	1	0
           158	2026-08-26 19:22:47	2	1	1	0
           159	2026-08-26 19:22:56	2	1	1	0
           152	2026-08-26 19:23:01	2	1	1	0
           108	2026-08-26 19:23:08	2	1	1	0
            51	2026-08-26 19:25:19	2	1	1	0
            83	2026-08-26 19:27:04	2	1	1	0
            78	2026-08-26 19:29:19	2	1	1	0
           118	2026-08-26 19:31:27	2	1	1	0
           135	2026-08-26 19:33:42	2	1	1	0
           102	2026-08-26 19:36:31	2	1	1	0
             3	2026-08-26 19:37:20	2	1	1	0
            25	2026-08-26 19:37:57	2	1	1	0
            28	2026-08-26 19:38:04	2	1	1	0
            29	2026-08-26 19:38:15	2	1	1	0
           111	2026-08-26 19:39:04	2	1	1	0
             4	2026-08-26 19:40:41	2	1	3	0
             5	2026-08-26 19:41:07	2	1	1	0
            83	2026-08-27 06:10:25	2	0	1	0
            71	2026-08-27 06:11:03	2	0	1	0
             9	2026-08-27 06:18:09	2	0	1	0
            74	2026-08-27 06:21:28	2	1	1	0
            92	2026-08-27 06:23:35	2	0	1	0
            75	2026-08-27 06:25:58	2	0	1	0
           122	2026-08-27 06:26:21	2	0	1	0
           105	2026-08-27 06:26:35	2	0	1	0
            27	2026-08-27 06:28:35	2	0	1	0
           124	2026-08-27 06:29:57	2	0	1	0
           109	2026-08-27 06:30:08	2	0	1	0
            19	2026-08-27 06:33:56	2	0	1	0
            80	2026-08-27 06:35:38	2	0	1	0
            96	2026-08-27 06:35:51	2	0	1	0
            78	2026-08-27 06:36:33	2	0	1	0
           163	2026-08-27 06:37:44	2	0	1	0
           160	2026-08-27 06:37:53	2	0	1	0
           158	2026-08-27 06:38:09	2	0	1	0
           117	2026-08-27 06:39:10	2	0	1	0
           125	2026-08-27 06:39:19	2	0	1	0
           104	2026-08-27 06:39:49	2	0	1	0
           100	2026-08-27 06:39:55	2	0	1	0
           156	2026-08-27 06:40:50	2	0	1	0
           162	2026-08-27 06:41:28	2	0	1	0
            72	2026-08-27 06:41:48	2	0	1	0
            91	2026-08-27 06:42:29	2	0	3	0
            76	2026-08-27 06:42:48	2	0	1	0
            97	2026-08-27 06:42:57	2	0	1	0
           151	2026-08-27 06:44:21	2	0	1	0
            99	2026-08-27 06:47:06	2	0	1	0
            63	2026-08-27 06:50:18	2	0	1	0
           106	2026-08-27 06:51:26	2	0	1	0
           114	2026-08-27 06:52:13	2	0	1	0
            24	2026-08-27 06:52:25	2	0	1	0
            61	2026-08-27 06:53:01	2	0	1	0
            36	2026-08-27 06:53:41	2	0	1	0
            48	2026-08-27 06:53:48	2	0	1	0
             5	2026-08-27 06:54:13	2	0	1	0
           152	2026-08-27 06:55:19	2	0	1	0
            57	2026-08-27 06:55:46	2	0	1	0
            51	2026-08-27 06:55:54	2	0	1	0
            65	2026-08-27 06:56:12	2	0	3	0
           137	2026-08-27 06:57:08	2	0	1	0
           159	2026-08-27 06:57:25	2	0	1	0
           108	2026-08-27 06:58:06	2	0	1	0
           121	2026-08-27 06:59:11	2	0	1	0
            60	2026-08-27 06:59:54	2	0	1	0
             4	2026-08-27 07:00:19	2	0	3	0
           136	2026-08-27 07:01:41	2	0	1	0
            39	2026-08-27 07:02:36	2	0	1	0
           128	2026-08-27 07:03:21	2	0	1	0
            79	2026-08-27 07:03:44	2	0	1	0
           101	2026-08-27 07:05:30	2	0	1	0
            98	2026-08-27 07:05:39	2	0	1	0
           111	2026-08-27 07:06:15	2	0	1	0
            41	2026-08-27 07:06:36	2	0	1	0
            50	2026-08-27 07:07:09	2	0	1	0
           110	2026-08-27 07:08:18	2	0	1	0
           118	2026-08-27 07:11:52	2	0	1	0
             2	2026-08-27 07:13:29	2	0	1	0
             3	2026-08-27 07:13:47	2	0	1	0
            93	2026-08-27 07:13:54	2	0	1	0
            29	2026-08-27 07:15:41	2	0	1	0
           119	2026-08-27 07:21:47	2	0	1	0
           154	2026-08-27 07:21:54	2	0	1	0
           164	2026-08-27 07:22:03	2	0	1	0
            85	2026-08-27 07:22:10	2	0	1	0
            13	2026-08-27 07:23:04	2	0	1	0
           102	2026-08-27 07:23:14	2	0	1	0
            88	2026-08-27 07:25:44	2	0	1	0
            28	2026-08-27 07:26:35	2	0	1	0
            25	2026-08-27 07:27:52	2	0	1	0
           157	2026-08-27 07:28:16	2	0	1	0
            62	2026-08-27 07:46:15	2	0	1	0
           135	2026-08-27 07:50:01	2	0	1	0
            12	2026-08-27 07:52:13	2	0	1	0
            34	2026-08-27 07:52:34	2	0	3	0
            70	2026-08-27 08:11:24	2	0	1	0
           134	2026-08-27 08:21:17	2	0	1	0
            20	2026-08-27 08:30:12	2	0	1	0
           119	2026-08-27 10:09:08	2	1	1	0
           143	2026-08-27 11:12:09	2	0	1	0
            36	2026-08-27 16:59:34	2	1	1	0
            19	2026-08-27 16:59:43	2	1	1	0
           136	2026-08-27 17:00:14	2	1	1	0
            39	2026-08-27 17:00:23	2	1	1	0
            79	2026-08-27 17:00:29	2	1	1	0
            75	2026-08-27 17:02:41	2	1	1	0
           157	2026-08-27 17:02:47	2	1	1	0
           114	2026-08-27 17:04:26	2	1	1	0
           134	2026-08-27 17:17:31	2	1	1	0
            12	2026-08-27 17:44:22	2	1	1	0
            93	2026-08-27 17:45:06	2	1	1	0
            60	2026-08-27 18:08:50	2	1	1	0
            61	2026-08-27 18:09:14	2	1	1	0
            74	2026-08-27 18:11:12	2	1	1	0
            62	2026-08-27 18:14:51	2	1	1	0
            88	2026-08-27 18:15:07	2	1	1	0
           121	2026-08-27 18:15:50	2	1	1	0
             9	2026-08-27 18:20:23	2	1	1	0
            34	2026-08-27 18:44:52	2	1	3	0
            20	2026-08-27 18:45:01	2	1	1	0
            63	2026-08-27 18:45:14	2	1	1	0
           108	2026-08-27 19:00:16	2	1	1	0
            13	2026-08-27 19:00:45	2	1	1	0
           137	2026-08-27 19:00:59	2	1	1	0
           102	2026-08-27 19:27:20	2	1	1	0
           135	2026-08-27 19:35:03	2	1	1	0
           125	2026-08-27 19:45:03	2	1	1	0
           117	2026-08-27 19:45:36	2	1	1	0
           109	2026-08-27 19:46:25	2	1	1	0
           124	2026-08-27 19:46:30	2	1	1	0
           163	2026-08-27 19:46:34	2	1	1	0
            85	2026-08-27 19:46:37	2	1	1	0
           101	2026-08-27 19:46:42	2	1	1	0
            98	2026-08-27 19:46:59	2	1	1	0
           105	2026-08-27 19:47:06	2	1	1	0
             2	2026-08-27 19:47:11	2	1	1	0
            99	2026-08-27 19:47:29	2	1	1	0
           160	2026-08-27 19:47:32	2	1	1	0
           100	2026-08-27 19:47:41	2	1	1	0
            57	2026-08-27 19:47:47	2	1	1	0
            97	2026-08-27 19:47:54	2	1	1	0
            72	2026-08-27 19:48:00	2	1	1	0
           159	2026-08-27 19:48:08	2	1	1	0
           143	2026-08-27 19:48:16	2	1	1	0
           104	2026-08-27 19:48:28	2	1	1	0
           162	2026-08-27 19:48:34	2	1	1	0
            50	2026-08-27 19:48:41	2	1	1	0
           128	2026-08-27 19:48:47	2	1	1	0
           156	2026-08-27 19:48:52	2	1	1	0
            71	2026-08-27 19:49:15	2	1	1	0
            51	2026-08-27 19:49:21	2	1	1	0
           122	2026-08-27 19:49:39	2	1	1	0
           158	2026-08-27 19:49:50	2	1	1	0
            65	2026-08-27 19:50:27	2	1	3	0
           110	2026-08-27 19:50:41	2	1	1	0
           106	2026-08-27 19:51:06	2	1	1	0
            27	2026-08-27 19:51:15	2	1	1	0
           118	2026-08-27 19:51:35	2	1	1	0
            96	2026-08-27 19:51:39	2	1	1	0
            80	2026-08-27 19:51:44	2	1	1	0
           154	2026-08-27 19:51:46	2	1	1	0
           164	2026-08-27 19:51:48	2	1	1	0
            91	2026-08-27 19:52:20	2	1	3	0
            27	2026-08-27 19:52:36	2	1	1	0
            48	2026-08-27 19:52:48	2	1	1	0
            49	2026-08-27 19:52:51	2	1	1	0
           111	2026-08-27 19:53:03	2	1	1	0
            92	2026-08-27 19:54:26	2	1	1	0
             5	2026-08-27 19:54:43	2	1	1	0
           152	2026-08-27 19:54:57	2	1	1	0
            24	2026-08-27 19:55:03	2	1	1	0
            78	2026-08-27 19:55:10	2	1	1	0
             4	2026-08-27 19:55:34	2	1	3	0
           151	2026-08-27 19:55:47	2	1	1	0
            76	2026-08-27 19:55:53	2	1	1	0
             3	2026-08-27 19:56:36	2	1	1	0
            41	2026-08-27 19:56:51	2	1	1	0
            83	2026-08-27 19:57:02	2	1	1	0
            29	2026-08-27 20:00:04	2	1	1	0
            28	2026-08-27 20:11:06	2	1	1	0
            25	2026-08-27 20:11:11	2	1	1	0
            71	2026-08-28 06:10:24	2	0	1	0
           100	2026-08-28 06:26:13	2	0	1	0
            27	2026-08-28 06:26:42	2	0	1	0
           105	2026-08-28 06:34:21	2	0	1	0
            19	2026-08-28 06:34:50	2	0	1	0
           114	2026-08-28 06:34:59	2	0	1	0
             9	2026-08-28 06:35:28	2	0	1	0
            75	2026-08-28 06:36:30	2	0	1	0
           151	2026-08-28 06:39:56	2	0	1	0
             4	2026-08-28 06:40:33	2	0	1	0
           108	2026-08-28 06:42:24	2	0	1	0
            74	2026-08-28 06:43:29	2	0	1	0
            80	2026-08-28 06:44:57	2	0	1	0
           137	2026-08-28 06:47:46	2	0	1	0
            92	2026-08-28 06:48:06	2	0	1	0
            93	2026-08-28 06:48:49	2	0	1	0
           143	2026-08-28 06:49:28	2	0	1	0
            24	2026-08-28 06:50:09	2	0	1	0
            76	2026-08-28 06:51:29	2	0	1	0
            97	2026-08-28 06:52:30	2	0	1	0
            60	2026-08-28 06:52:42	2	0	1	0
            57	2026-08-28 06:53:37	2	0	1	0
             5	2026-08-28 06:54:45	2	0	1	0
            61	2026-08-28 06:54:53	2	0	1	0
            63	2026-08-28 06:56:26	2	0	1	0
            36	2026-08-28 06:58:07	2	1	1	0
            96	2026-08-28 06:58:24	2	0	1	0
            48	2026-08-28 06:58:36	2	0	1	0
           159	2026-08-28 06:58:52	2	0	1	0
            39	2026-08-28 06:59:32	2	0	1	0
           136	2026-08-28 06:59:37	2	0	1	0
            91	2026-08-28 07:01:12	2	0	3	0
             3	2026-08-28 07:03:37	2	0	1	0
            79	2026-08-28 07:03:58	2	0	1	0
           158	2026-08-28 07:04:06	2	0	1	0
           111	2026-08-28 07:04:51	2	0	1	0
            13	2026-08-28 07:06:27	2	0	1	0
            88	2026-08-28 07:10:14	2	0	1	0
            98	2026-08-28 07:10:45	2	0	1	0
           101	2026-08-28 07:11:05	2	0	1	0
           152	2026-08-28 07:11:20	2	0	1	0
           118	2026-08-28 07:14:45	2	0	1	0
           102	2026-08-28 07:15:26	2	0	1	0
            50	2026-08-28 07:17:05	2	0	1	0
           164	2026-08-28 07:19:43	2	0	1	0
           157	2026-08-28 07:19:58	2	0	1	0
           110	2026-08-28 07:20:28	2	0	1	0
            29	2026-08-28 07:21:32	2	0	1	0
            49	2026-08-28 07:22:34	2	0	1	0
            25	2026-08-28 07:27:46	2	0	1	0
            12	2026-08-28 07:29:21	2	0	1	0
            62	2026-08-28 07:33:25	2	0	1	0
             2	2026-08-28 07:44:30	2	0	1	0
            34	2026-08-28 07:45:23	2	0	3	0
           135	2026-08-28 07:52:49	2	0	1	0
           134	2026-08-28 08:03:14	2	0	1	0
            20	2026-08-28 08:37:47	2	0	1	0
            70	2026-08-28 08:54:05	2	0	1	0
            28	2026-08-28 11:09:36	2	0	1	0
           114	2026-08-28 15:32:17	2	1	1	0
           157	2026-08-28 17:00:32	2	1	1	0
            79	2026-08-28 17:00:42	2	1	1	0
            75	2026-08-28 17:00:51	2	1	1	0
            19	2026-08-28 17:01:07	2	1	1	0
             9	2026-08-28 17:01:19	2	1	1	0
           136	2026-08-28 17:01:34	2	1	1	0
            36	2026-08-28 17:02:25	2	1	1	0
            39	2026-08-28 17:03:21	2	1	1	0
            71	2026-08-28 17:11:23	2	1	1	0
           105	2026-08-28 17:11:42	2	1	1	0
             2	2026-08-28 17:13:01	2	1	1	0
           101	2026-08-28 17:14:43	2	1	1	0
            98	2026-08-28 17:14:50	2	1	1	0
           151	2026-08-28 17:15:05	2	1	1	0
           100	2026-08-28 17:15:11	2	1	1	0
            97	2026-08-28 17:15:24	2	1	1	0
           134	2026-08-28 17:15:35	2	1	1	0
            34	2026-08-28 17:15:58	2	1	3	0
            80	2026-08-28 17:16:33	2	1	1	0
            96	2026-08-28 17:16:44	2	1	1	0
           118	2026-08-28 17:17:18	2	1	1	0
            92	2026-08-28 17:17:57	2	1	1	0
           164	2026-08-28 17:18:02	2	1	1	0
            57	2026-08-28 17:18:12	2	1	1	0
           143	2026-08-28 17:18:17	2	1	1	0
            49	2026-08-28 17:18:39	2	1	1	0
            48	2026-08-28 17:18:45	2	1	1	0
            50	2026-08-28 17:19:16	2	1	1	0
            76	2026-08-28 17:19:22	2	1	1	0
            91	2026-08-28 17:20:01	2	1	3	0
            27	2026-08-28 17:22:26	2	1	1	0
            74	2026-08-28 17:22:58	2	1	1	0
            12	2026-08-28 17:24:08	2	1	1	0
           159	2026-08-28 17:24:42	2	1	1	0
           158	2026-08-28 17:24:51	2	1	1	0
           152	2026-08-28 17:25:04	2	1	1	0
            93	2026-08-28 17:27:22	2	1	1	0
            13	2026-08-28 17:27:26	2	1	1	0
            61	2026-08-28 17:27:44	2	1	1	0
           108	2026-08-28 17:34:39	2	1	1	0
            24	2026-08-28 17:35:36	2	0	1	0
            88	2026-08-28 17:35:49	2	1	1	0
            60	2026-08-28 17:35:56	2	1	1	0
            62	2026-08-28 17:36:07	2	1	1	0
            28	2026-08-28 17:39:41	2	1	1	0
           110	2026-08-28 17:39:47	2	1	1	0
            29	2026-08-28 17:39:58	2	1	1	0
            25	2026-08-28 17:56:44	2	1	1	0
           102	2026-08-28 18:11:17	2	1	1	0
           137	2026-08-28 18:19:17	2	1	1	0
           111	2026-08-28 18:48:56	2	1	1	0
            20	2026-08-28 18:56:00	2	1	1	0
            63	2026-08-28 18:56:12	2	1	1	0
             5	2026-08-28 19:32:22	2	1	1	0
           135	2026-08-28 19:43:27	2	1	1	0
             3	2026-08-28 20:25:16	2	1	1	0
             4	2026-08-28 20:26:54	2	1	1	0
            60	2026-08-29 07:31:31	2	0	1	0
           135	2026-08-29 08:29:14	2	0	1	0
           134	2026-08-29 09:28:18	2	0	1	0
            28	2026-08-29 10:04:53	2	0	1	0
             3	2026-08-29 12:07:42	2	0	1	0
           134	2026-08-29 16:43:29	2	1	1	0
            60	2026-08-29 17:42:56	2	1	1	0
            28	2026-08-29 18:25:49	2	1	1	0
           135	2026-08-29 19:53:47	2	1	1	0
            28	2026-08-30 09:34:02	2	0	1	0
           135	2026-08-30 10:30:24	2	0	1	0
           135	2026-08-30 14:30:50	2	1	1	0
            28	2026-08-30 18:05:23	2	1	1	0
           125	2026-08-31 06:05:44	2	0	1	0
            83	2026-08-31 06:21:19	2	0	1	0
           122	2026-08-31 06:21:58	2	0	1	0
             9	2026-08-31 06:28:00	2	0	1	0
           156	2026-08-31 06:35:40	2	0	1	0
           161	2026-08-31 06:36:07	2	0	1	0
            19	2026-08-31 06:37:18	2	0	1	0
           121	2026-08-31 06:38:30	2	0	1	0
           163	2026-08-31 06:43:38	2	0	1	0
           117	2026-08-31 06:43:45	2	0	1	0
           109	2026-08-31 06:44:17	2	0	1	0
            36	2026-08-31 06:44:40	2	0	1	0
            74	2026-08-31 06:47:38	2	0	1	0
            78	2026-08-31 06:47:49	2	0	1	0
           124	2026-08-31 06:47:55	2	0	1	0
            99	2026-08-31 06:48:38	2	0	1	0
           160	2026-08-31 06:50:23	2	0	1	0
            60	2026-08-31 06:50:45	2	0	1	0
             4	2026-08-31 06:52:06	2	0	1	0
            72	2026-08-31 06:53:09	2	0	1	0
            24	2026-08-31 06:54:04	2	0	1	0
            63	2026-08-31 06:56:14	2	0	1	0
           137	2026-08-31 06:56:42	2	0	1	0
           143	2026-08-31 06:58:46	2	0	1	0
           108	2026-08-31 06:59:07	2	0	1	0
            75	2026-08-31 06:59:19	2	0	1	0
           119	2026-08-31 06:59:41	2	0	1	0
           154	2026-08-31 06:59:50	2	0	1	0
            85	2026-08-31 07:04:09	2	0	1	0
           162	2026-08-31 07:05:15	2	0	1	0
           136	2026-08-31 07:05:21	2	0	1	0
            39	2026-08-31 07:05:31	2	0	1	0
            61	2026-08-31 07:06:21	2	0	1	0
            79	2026-08-31 07:06:36	2	0	1	0
           104	2026-08-31 07:07:15	2	0	1	0
            65	2026-08-31 07:07:50	2	0	3	0
           111	2026-08-31 07:08:08	2	0	1	0
            88	2026-08-31 07:09:37	2	0	1	0
            49	2026-08-31 07:10:12	2	0	1	0
           106	2026-08-31 07:12:32	2	0	1	0
           157	2026-08-31 07:15:08	2	0	1	0
            25	2026-08-31 07:18:19	2	0	1	0
            90	2026-08-31 07:19:38	2	0	1	0
            93	2026-08-31 07:23:06	2	0	1	0
            41	2026-08-31 07:24:19	2	0	1	0
            13	2026-08-31 07:30:03	2	0	1	0
           102	2026-08-31 07:30:24	2	0	1	0
           128	2026-08-31 07:31:19	2	0	1	0
            50	2026-08-31 07:31:28	2	0	1	0
            48	2026-08-31 07:32:42	2	0	1	0
            62	2026-08-31 07:47:40	2	0	1	0
            34	2026-08-31 07:50:38	2	0	3	0
            12	2026-08-31 07:51:49	2	0	1	0
           134	2026-08-31 07:55:34	2	0	1	0
            20	2026-08-31 08:27:09	2	0	1	0
           128	2026-08-31 08:50:39	2	1	1	0
            28	2026-08-31 09:57:49	2	0	1	0
            70	2026-08-31 11:08:10	2	0	1	0
           114	2026-08-31 14:00:00	2	0	1	0
            70	2026-08-31 16:55:13	2	1	1	0
           121	2026-08-31 17:13:49	2	1	1	0
           122	2026-08-31 17:14:02	2	1	1	0
           124	2026-08-31 17:14:10	2	1	1	0
           160	2026-08-31 17:14:16	2	1	1	0
           117	2026-08-31 17:14:32	2	1	1	0
            72	2026-08-31 17:15:02	2	1	1	0
            99	2026-08-31 17:15:20	2	1	1	0
           125	2026-08-31 17:18:07	2	1	1	0
           104	2026-08-31 17:18:21	2	1	1	0
           161	2026-08-31 17:18:42	2	1	1	0
           156	2026-08-31 17:18:49	2	1	1	0
           143	2026-08-31 17:19:07	2	1	1	0
            65	2026-08-31 17:19:32	2	1	3	0
           109	2026-08-31 17:19:41	2	1	1	0
            50	2026-08-31 17:20:41	2	1	1	0
           119	2026-08-31 17:22:12	2	1	1	0
            61	2026-08-31 17:22:42	2	1	1	0
           154	2026-08-31 17:22:58	2	1	1	0
            85	2026-08-31 17:23:06	2	1	1	0
           162	2026-08-31 17:23:13	2	1	1	0
            41	2026-08-31 17:23:38	2	1	1	0
            78	2026-08-31 17:24:11	2	1	1	0
            12	2026-08-31 17:27:02	2	1	1	0
            93	2026-08-31 17:30:46	2	1	1	0
            60	2026-08-31 17:30:52	2	1	1	0
            13	2026-08-31 17:31:24	2	1	1	0
            28	2026-08-31 17:32:43	2	1	1	0
           157	2026-08-31 17:34:02	2	1	1	0
            88	2026-08-31 17:34:13	2	1	1	0
            62	2026-08-31 17:34:18	2	1	1	0
             9	2026-08-31 17:35:36	2	1	1	0
           102	2026-08-31 17:53:42	2	1	1	0
           106	2026-08-31 18:03:37	2	1	1	0
            75	2026-08-31 18:08:37	2	1	1	0
            83	2026-08-31 18:09:34	2	1	1	0
           136	2026-08-31 18:10:36	2	1	1	0
            39	2026-08-31 18:11:55	2	1	1	0
           137	2026-08-31 18:15:37	2	1	1	0
            19	2026-08-31 18:17:24	2	1	1	0
           108	2026-08-31 18:19:58	2	1	1	0
            79	2026-08-31 18:20:16	2	1	1	0
            90	2026-08-31 18:21:09	2	1	1	0
            74	2026-08-31 18:35:45	2	1	1	0
            49	2026-08-31 18:52:07	2	1	1	0
            48	2026-08-31 18:52:48	2	1	1	0
           134	2026-08-31 19:16:14	2	1	1	0
           114	2026-08-31 19:17:20	2	1	1	0
           111	2026-08-31 19:21:38	2	1	1	0
            25	2026-08-31 19:32:52	2	1	1	0
            24	2026-08-31 19:50:00	2	1	1	0
            36	2026-08-31 20:45:05	2	1	1	0
            34	2026-08-31 20:45:33	2	1	3	0
            20	2026-08-31 20:54:21	2	1	1	0
            63	2026-08-31 20:54:42	2	1	1	0
             4	2026-08-31 21:06:28	2	1	3	0
            74	2026-09-01 06:11:32	2	1	1	0
           124	2026-09-01 06:31:17	2	0	1	0
            95	2026-09-01 06:31:42	2	0	1	0
            83	2026-09-01 06:32:56	2	0	1	0
            19	2026-09-01 06:35:02	2	0	1	0
           125	2026-09-01 06:35:30	2	0	1	0
            78	2026-09-01 06:36:10	2	0	1	0
           114	2026-09-01 06:36:56	2	0	1	0
           117	2026-09-01 06:38:54	2	0	1	0
           163	2026-09-01 06:39:01	2	0	1	0
           109	2026-09-01 06:39:11	2	0	1	0
           108	2026-09-01 06:39:58	2	0	1	0
            72	2026-09-01 06:40:45	2	0	1	0
            75	2026-09-01 06:40:55	2	0	1	0
           162	2026-09-01 06:42:55	2	0	1	0
           122	2026-09-01 06:47:00	2	0	1	0
           143	2026-09-01 06:49:21	2	0	1	0
           156	2026-09-01 06:49:29	2	0	1	0
            85	2026-09-01 06:49:38	2	0	1	0
           121	2026-09-01 06:49:47	2	0	1	0
           111	2026-09-01 06:50:02	2	1	1	0
            63	2026-09-01 06:51:11	2	0	1	0
            90	2026-09-01 06:51:24	2	0	1	0
           104	2026-09-01 06:52:06	2	0	1	0
            36	2026-09-01 06:52:16	2	0	1	0
            48	2026-09-01 06:52:31	2	0	1	0
            51	2026-09-01 06:52:38	2	0	1	0
            24	2026-09-01 06:53:43	2	0	1	0
           137	2026-09-01 06:54:20	2	0	1	0
           161	2026-09-01 06:55:09	2	0	1	0
           160	2026-09-01 06:55:49	2	0	1	0
            99	2026-09-01 06:56:32	2	0	1	0
             5	2026-09-01 06:57:25	2	0	1	0
           119	2026-09-01 06:57:39	2	0	1	0
           154	2026-09-01 06:57:46	2	0	1	0
            41	2026-09-01 06:59:44	2	0	1	0
            65	2026-09-01 07:03:10	2	0	3	0
           136	2026-09-01 07:03:32	2	0	1	0
            39	2026-09-01 07:03:55	2	0	1	0
           106	2026-09-01 07:04:06	2	0	1	0
            61	2026-09-01 07:06:02	2	0	1	0
            88	2026-09-01 07:07:32	2	0	1	0
            25	2026-09-01 07:12:09	2	0	1	0
            60	2026-09-01 07:14:36	2	0	1	0
            79	2026-09-01 07:17:41	2	0	1	0
            93	2026-09-01 07:18:15	2	0	1	0
            50	2026-09-01 07:23:32	2	0	1	0
            13	2026-09-01 07:28:04	2	0	1	0
            62	2026-09-01 07:28:22	2	0	1	0
           102	2026-09-01 07:31:36	2	0	1	0
           157	2026-09-01 07:32:53	2	0	1	0
           134	2026-09-01 07:36:04	2	0	1	0
            28	2026-09-01 07:36:19	2	0	1	0
           128	2026-09-01 07:42:38	2	0	1	0
            34	2026-09-01 07:43:24	2	0	3	0
            12	2026-09-01 07:49:13	2	0	1	0
            70	2026-09-01 08:02:08	2	0	1	0
            20	2026-09-01 08:08:49	2	0	1	0
           157	2026-09-01 17:21:31	2	1	1	0
            27	2026-09-01 17:31:16	2	0	1	0
            71	2026-09-01 17:32:14	2	0	1	0
            97	2026-09-01 18:00:01	2	0	1	0
           141	2026-09-01 18:06:33	2	0	3	0
           158	2026-09-01 18:06:40	2	0	1	0
            91	2026-09-01 18:07:33	2	0	3	0
           159	2026-09-01 18:08:08	2	0	1	0
            70	2026-09-01 18:22:28	2	1	1	0
            80	2026-09-01 18:24:09	2	0	1	0
            98	2026-09-01 18:32:15	2	0	1	0
           101	2026-09-01 18:32:47	2	0	1	0
           105	2026-09-01 18:34:25	2	0	1	0
           151	2026-09-01 18:35:15	2	0	1	0
           100	2026-09-01 18:36:38	2	0	1	0
             9	2026-09-01 18:36:58	2	0	1	0
            49	2026-09-01 18:37:41	2	0	1	0
            12	2026-09-01 18:41:18	2	1	1	0
            57	2026-09-01 18:44:14	2	0	1	0
            29	2026-09-01 18:45:52	2	0	1	0
            92	2026-09-01 18:46:09	2	0	1	0
             4	2026-09-01 18:49:26	2	0	1	0
            93	2026-09-01 18:52:01	2	1	1	0
            60	2026-09-01 18:52:16	2	1	1	0
            61	2026-09-01 18:52:28	2	1	1	0
           110	2026-09-01 18:54:33	2	0	1	0
            76	2026-09-01 18:54:58	2	0	1	0
           164	2026-09-01 18:55:30	2	0	1	0
            96	2026-09-01 18:55:39	2	0	1	0
             2	2026-09-01 18:57:27	2	0	1	0
            79	2026-09-01 19:01:03	2	1	1	0
            75	2026-09-01 19:03:35	2	1	1	0
            74	2026-09-01 19:05:03	2	1	1	0
           137	2026-09-01 19:06:33	2	1	1	0
             5	2026-09-01 19:09:03	2	1	1	0
            13	2026-09-01 19:11:00	2	1	1	0
            34	2026-09-01 19:13:47	2	1	3	0
           121	2026-09-01 19:14:57	2	1	1	0
           122	2026-09-01 19:15:10	2	1	1	0
           125	2026-09-01 19:15:15	2	1	1	0
           111	2026-09-01 19:15:25	2	1	1	0
            72	2026-09-01 19:15:43	2	1	1	0
            62	2026-09-01 19:17:43	2	1	1	0
            88	2026-09-01 19:18:01	2	1	1	0
           117	2026-09-01 19:18:07	2	1	1	0
           128	2026-09-01 19:18:18	2	1	1	0
           163	2026-09-01 19:19:38	2	1	1	0
            85	2026-09-01 19:19:53	2	1	1	0
           104	2026-09-01 19:20:17	2	1	1	0
           109	2026-09-01 19:20:49	2	1	1	0
           156	2026-09-01 19:21:27	2	1	1	0
           162	2026-09-01 19:21:34	2	1	1	0
           124	2026-09-01 19:21:55	2	1	1	0
            99	2026-09-01 19:22:08	2	1	1	0
           160	2026-09-01 19:22:22	2	1	1	0
            78	2026-09-01 19:23:51	2	1	1	0
           102	2026-09-01 19:24:05	2	1	1	0
           106	2026-09-01 19:24:37	2	1	1	0
            65	2026-09-01 19:25:10	2	1	3	0
           161	2026-09-01 19:27:14	2	1	1	0
           143	2026-09-01 19:27:33	2	1	1	0
            95	2026-09-01 19:28:44	2	1	1	0
            24	2026-09-01 19:28:52	2	1	1	0
            76	2026-09-01 19:31:38	2	1	1	0
            51	2026-09-01 19:33:17	2	1	1	0
           134	2026-09-01 19:33:49	2	1	1	0
            41	2026-09-01 19:35:53	2	1	1	0
            48	2026-09-01 19:38:01	2	1	1	0
            83	2026-09-01 19:38:15	2	1	1	0
            50	2026-09-01 19:41:32	2	1	1	0
           119	2026-09-01 19:57:52	2	1	1	0
           154	2026-09-01 19:58:01	2	1	1	0
            25	2026-09-01 20:10:50	2	1	1	0
            28	2026-09-01 20:10:56	2	1	1	0
            63	2026-09-01 20:40:32	2	1	1	0
            20	2026-09-01 20:40:41	2	1	1	0
           108	2026-09-01 20:58:45	2	1	1	0
            90	2026-09-01 20:59:14	2	1	1	0
            39	2026-09-01 20:59:37	2	1	1	0
            19	2026-09-01 21:00:03	2	1	1	0
           136	2026-09-01 21:00:10	2	1	1	0
            36	2026-09-01 21:02:49	2	1	1	0
           114	2026-09-01 21:06:50	2	1	1	0
            19	2026-09-02 06:31:36	2	0	1	0
            74	2026-09-02 06:32:24	2	0	1	0
            78	2026-09-02 06:38:24	2	0	1	0
           163	2026-09-02 06:39:30	2	0	1	0
           117	2026-09-02 06:39:37	2	0	1	0
            95	2026-09-02 06:40:48	2	0	1	0
           124	2026-09-02 06:41:19	2	0	1	0
            72	2026-09-02 06:41:58	2	0	1	0
           108	2026-09-02 06:42:12	2	0	1	0
           125	2026-09-02 06:43:04	2	0	1	0
            75	2026-09-02 06:46:34	2	0	1	0
           114	2026-09-02 06:48:12	2	0	1	0
            83	2026-09-02 06:49:42	2	0	1	0
           137	2026-09-02 06:52:33	2	0	1	0
            24	2026-09-02 06:54:48	2	0	1	0
           111	2026-09-02 06:55:08	2	0	1	0
            36	2026-09-02 06:57:35	2	0	1	0
           143	2026-09-02 06:57:38	2	0	1	0
            90	2026-09-02 06:57:43	2	0	1	0
           156	2026-09-02 06:58:27	2	0	1	0
             5	2026-09-02 07:00:07	2	0	1	0
           121	2026-09-02 07:01:01	2	0	1	0
           104	2026-09-02 07:02:11	2	0	1	0
            99	2026-09-02 07:03:32	2	0	1	0
           160	2026-09-02 07:04:07	2	0	1	0
           136	2026-09-02 07:06:50	2	0	1	0
            39	2026-09-02 07:06:56	2	0	1	0
           128	2026-09-02 07:07:05	2	0	1	0
            51	2026-09-02 07:07:31	2	0	1	0
           106	2026-09-02 07:07:40	2	0	1	0
            65	2026-09-02 07:08:57	2	0	3	0
            85	2026-09-02 07:10:32	2	0	1	0
           162	2026-09-02 07:10:48	2	0	1	0
           154	2026-09-02 07:10:54	2	0	1	0
           122	2026-09-02 07:11:04	2	0	1	0
           119	2026-09-02 07:11:11	2	0	1	0
           161	2026-09-02 07:12:08	2	0	1	0
             2	2026-09-02 07:12:38	2	1	1	0
            63	2026-09-02 07:12:46	2	0	1	0
           109	2026-09-02 07:14:11	2	0	1	0
            60	2026-09-02 07:14:50	2	0	1	0
            41	2026-09-02 07:15:10	2	0	1	0
           102	2026-09-02 07:21:49	2	0	1	0
            13	2026-09-02 07:23:44	2	0	1	0
           157	2026-09-02 07:24:35	2	0	1	0
            50	2026-09-02 07:24:43	2	0	1	0
            92	2026-09-02 07:24:49	2	1	1	0
            28	2026-09-02 07:28:18	2	0	1	0
           110	2026-09-02 07:30:28	2	1	1	0
            49	2026-09-02 07:30:40	2	1	1	0
            79	2026-09-02 07:32:34	2	0	1	0
            61	2026-09-02 07:32:45	2	0	1	0
            71	2026-09-02 07:32:55	2	1	1	0
            57	2026-09-02 07:35:47	2	1	1	0
            34	2026-09-02 07:40:06	2	0	3	0
            62	2026-09-02 07:40:15	2	0	1	0
           164	2026-09-02 07:41:07	2	1	1	0
            12	2026-09-02 07:42:14	2	0	1	0
           105	2026-09-02 07:43:16	2	1	1	0
            98	2026-09-02 07:44:33	2	1	1	0
           101	2026-09-02 07:44:47	2	1	1	0
            88	2026-09-02 07:44:57	2	0	1	0
            25	2026-09-02 07:46:45	2	0	1	0
            27	2026-09-02 07:50:05	2	1	1	0
            93	2026-09-02 07:56:54	2	0	1	0
            80	2026-09-02 07:58:41	2	1	1	0
           159	2026-09-02 07:58:47	2	1	1	0
           158	2026-09-02 07:58:57	2	1	1	0
            96	2026-09-02 07:59:01	2	1	1	0
            91	2026-09-02 08:05:16	2	1	3	0
           151	2026-09-02 08:06:37	2	1	1	0
           141	2026-09-02 08:08:14	2	1	3	0
            97	2026-09-02 08:12:40	2	1	1	0
           100	2026-09-02 08:13:23	2	1	1	0
           134	2026-09-02 08:31:53	2	0	1	0
            20	2026-09-02 08:32:56	2	0	1	0
             4	2026-09-02 08:40:22	2	1	3	0
            29	2026-09-02 10:01:59	2	1	1	0
           157	2026-09-02 17:33:15	2	1	1	0
            75	2026-09-02 17:52:26	2	1	1	0
            79	2026-09-02 17:53:13	2	1	1	0
            19	2026-09-02 17:53:19	2	1	1	0
            39	2026-09-02 17:53:59	2	1	1	0
            36	2026-09-02 17:54:15	2	1	1	0
           136	2026-09-02 17:54:23	2	1	1	0
            62	2026-09-02 18:21:15	2	1	1	0
            88	2026-09-02 18:21:21	2	1	1	0
            93	2026-09-02 18:23:00	2	1	1	0
            60	2026-09-02 18:23:58	2	1	1	0
            61	2026-09-02 18:35:00	2	1	1	0
            74	2026-09-02 18:55:03	2	0	1	0
            12	2026-09-02 18:57:57	2	1	1	0
            34	2026-09-02 19:11:54	2	1	3	0
           102	2026-09-02 19:13:59	2	1	1	0
            13	2026-09-02 19:17:22	2	1	1	0
           125	2026-09-02 19:18:01	2	1	1	0
            78	2026-09-02 19:18:48	2	1	1	0
           121	2026-09-02 19:19:33	2	1	1	0
            72	2026-09-02 19:19:37	2	1	1	0
            24	2026-09-02 19:20:16	2	1	1	0
           160	2026-09-02 19:20:30	2	1	1	0
           106	2026-09-02 19:21:10	2	1	1	0
           124	2026-09-02 19:21:36	2	1	1	0
           122	2026-09-02 19:21:44	2	1	1	0
           161	2026-09-02 19:23:18	2	1	1	0
           104	2026-09-02 19:23:22	2	1	1	0
            99	2026-09-02 19:24:09	2	1	1	0
           163	2026-09-02 19:24:59	2	1	1	0
            85	2026-09-02 19:25:12	2	1	1	0
           162	2026-09-02 19:25:19	2	1	1	0
           109	2026-09-02 19:25:30	2	1	1	0
           143	2026-09-02 19:26:28	2	1	1	0
           156	2026-09-02 19:26:34	2	1	1	0
            41	2026-09-02 19:30:50	2	1	1	0
            95	2026-09-02 19:31:20	2	1	1	0
            65	2026-09-02 19:33:57	2	1	3	0
           134	2026-09-02 19:35:26	2	1	1	0
           128	2026-09-02 19:35:33	2	1	1	0
            51	2026-09-02 19:35:59	2	1	1	0
            50	2026-09-02 19:38:35	2	1	1	0
            25	2026-09-02 19:41:57	2	1	1	0
           154	2026-09-02 19:43:00	2	1	1	0
           119	2026-09-02 19:43:18	2	1	1	0
            28	2026-09-02 19:44:01	2	1	1	0
            83	2026-09-02 19:44:29	2	1	1	0
             5	2026-09-02 20:18:39	2	1	1	0
           111	2026-09-02 20:18:54	2	1	1	0
            20	2026-09-02 20:30:35	2	1	1	0
            63	2026-09-02 20:30:42	2	1	1	0
           114	2026-09-02 20:30:53	2	1	1	0
           137	2026-09-02 20:35:13	2	1	1	0
           108	2026-09-02 20:36:42	2	1	1	0
            90	2026-09-02 20:37:13	2	1	1	0
            71	2026-09-03 06:01:04	2	0	1	0
           105	2026-09-03 06:14:56	2	0	1	0
            27	2026-09-03 06:18:02	2	0	1	0
            83	2026-09-03 06:18:17	2	0	1	0
            74	2026-09-03 06:22:07	2	0	1	0
           122	2026-09-03 06:23:15	2	0	1	0
            72	2026-09-03 06:28:23	2	0	1	0
           125	2026-09-03 06:30:01	2	0	1	0
            19	2026-09-03 06:32:43	2	0	1	0
           124	2026-09-03 06:33:08	2	0	1	0
           108	2026-09-03 06:35:47	2	0	1	0
             9	2026-09-03 06:36:15	2	0	1	0
            95	2026-09-03 06:38:15	2	0	1	0
           114	2026-09-03 06:38:39	2	0	1	0
           156	2026-09-03 06:39:13	2	0	1	0
            75	2026-09-03 06:40:21	2	0	1	0
           117	2026-09-03 06:41:28	2	0	1	0
           158	2026-09-03 06:41:37	2	0	1	0
            80	2026-09-03 06:41:53	2	0	1	0
           163	2026-09-03 06:42:00	2	0	1	0
             4	2026-09-03 06:42:54	2	0	1	0
            62	2026-09-03 06:44:15	2	0	1	0
            96	2026-09-03 06:44:24	2	0	1	0
           109	2026-09-03 06:44:35	2	0	1	0
           143	2026-09-03 06:44:42	2	0	1	0
            78	2026-09-03 06:45:08	2	0	1	0
            61	2026-09-03 06:45:37	2	0	1	0
           100	2026-09-03 06:45:47	2	0	1	0
           161	2026-09-03 06:45:54	2	0	1	0
            57	2026-09-03 06:46:58	2	0	1	0
           151	2026-09-03 06:47:02	2	0	1	0
            98	2026-09-03 06:47:15	2	0	1	0
           101	2026-09-03 06:48:07	2	0	1	0
           160	2026-09-03 06:50:21	2	0	1	0
            24	2026-09-03 06:50:53	2	0	1	0
            36	2026-09-03 06:52:03	2	0	1	0
            48	2026-09-03 06:52:44	2	0	1	0
            90	2026-09-03 06:53:32	2	0	1	0
           152	2026-09-03 06:54:48	2	0	1	0
             5	2026-09-03 06:55:19	2	0	1	0
           137	2026-09-03 06:55:31	2	0	1	0
            99	2026-09-03 06:55:53	2	0	1	0
            51	2026-09-03 06:56:10	2	0	1	0
            63	2026-09-03 06:56:34	2	0	1	0
            92	2026-09-03 06:56:56	2	0	1	0
           141	2026-09-03 06:57:55	2	0	3	0
            29	2026-09-03 06:58:22	2	0	1	0
            85	2026-09-03 06:58:54	2	0	1	0
            65	2026-09-03 06:59:18	2	0	3	0
           128	2026-09-03 07:00:10	2	0	1	0
            60	2026-09-03 07:00:25	2	0	1	0
           111	2026-09-03 07:00:40	2	0	1	0
           136	2026-09-03 07:00:56	2	0	1	0
           162	2026-09-03 07:01:00	2	0	1	0
            39	2026-09-03 07:01:12	2	0	1	0
           119	2026-09-03 07:01:20	2	0	1	0
           154	2026-09-03 07:01:39	2	0	1	0
            49	2026-09-03 07:03:14	2	0	1	0
            79	2026-09-03 07:03:40	2	0	1	0
           159	2026-09-03 07:04:01	2	0	1	0
            41	2026-09-03 07:06:33	2	0	1	0
           110	2026-09-03 07:06:39	2	0	1	0
             2	2026-09-03 07:07:30	2	0	1	0
            93	2026-09-03 07:08:26	2	0	1	0
            28	2026-09-03 07:08:38	2	0	1	0
           106	2026-09-03 07:10:59	2	0	1	0
           121	2026-09-03 07:11:41	2	0	1	0
            25	2026-09-03 07:12:49	2	0	1	0
            91	2026-09-03 07:18:24	2	0	3	0
            13	2026-09-03 07:22:18	2	0	1	0
            50	2026-09-03 07:22:36	2	0	1	0
            88	2026-09-03 07:23:37	2	0	1	0
           157	2026-09-03 07:26:27	2	0	1	0
            12	2026-09-03 07:31:05	2	0	1	0
           102	2026-09-03 07:37:58	2	0	1	0
            34	2026-09-03 07:45:36	2	0	3	0
            20	2026-09-03 08:13:18	2	0	1	0
           134	2026-09-03 08:21:00	2	0	1	0
           164	2026-09-03 08:21:24	2	0	1	0
            78	2026-09-03 09:06:43	2	1	1	0
           157	2026-09-03 17:18:40	2	1	1	0
            93	2026-09-03 18:26:33	2	1	1	0
            60	2026-09-03 18:27:33	2	1	1	0
            61	2026-09-03 18:29:04	2	1	1	0
            12	2026-09-03 18:29:35	2	1	1	0
            63	2026-09-03 18:45:13	2	1	1	0
            75	2026-09-03 18:54:05	2	0	1	0
             9	2026-09-03 18:56:27	2	1	1	0
            39	2026-09-03 18:56:41	2	1	1	0
            79	2026-09-03 18:59:01	2	1	1	0
            34	2026-09-03 18:59:42	2	1	3	0
           136	2026-09-03 19:00:10	2	1	1	0
            74	2026-09-03 19:02:10	2	1	1	0
            19	2026-09-03 19:03:52	2	1	1	0
            36	2026-09-03 19:04:27	2	1	1	0
           137	2026-09-03 19:06:42	2	1	1	0
           102	2026-09-03 19:09:02	2	1	1	0
            62	2026-09-03 19:09:54	2	1	1	0
            88	2026-09-03 19:10:40	2	1	1	0
           125	2026-09-03 19:12:47	2	1	1	0
           154	2026-09-03 19:13:15	2	1	1	0
            48	2026-09-03 19:14:40	2	1	1	0
           122	2026-09-03 19:16:26	2	1	1	0
           121	2026-09-03 19:16:36	2	1	1	0
            57	2026-09-03 19:16:52	2	1	1	0
           124	2026-09-03 19:17:00	2	1	1	0
           105	2026-09-03 19:17:20	2	1	1	0
            13	2026-09-03 19:17:34	2	1	1	0
            71	2026-09-03 19:18:21	2	1	1	0
           160	2026-09-03 19:18:25	2	1	1	0
           106	2026-09-03 19:18:31	2	1	1	0
             2	2026-09-03 19:18:38	2	1	1	0
           117	2026-09-03 19:18:51	2	1	1	0
            99	2026-09-03 19:18:57	2	1	1	0
           109	2026-09-03 19:19:11	2	1	1	0
            72	2026-09-03 19:20:12	2	1	1	0
           110	2026-09-03 19:21:14	2	1	1	0
           100	2026-09-03 19:22:58	2	1	1	0
           161	2026-09-03 19:23:09	2	1	1	0
            98	2026-09-03 19:24:38	2	1	1	0
           101	2026-09-03 19:25:00	2	1	1	0
           162	2026-09-03 19:25:51	2	1	1	0
           141	2026-09-03 19:26:08	2	1	3	0
           143	2026-09-03 19:26:15	2	1	1	0
            85	2026-09-03 19:26:23	2	1	1	0
           156	2026-09-03 19:26:28	2	1	1	0
           163	2026-09-03 19:26:37	2	1	1	0
           151	2026-09-03 19:27:38	2	1	1	0
            95	2026-09-03 19:27:54	2	1	1	0
           152	2026-09-03 19:28:00	2	1	1	0
           159	2026-09-03 19:28:13	2	1	1	0
            65	2026-09-03 19:28:25	2	1	3	0
           158	2026-09-03 19:28:35	2	1	1	0
           111	2026-09-03 19:28:58	2	1	1	0
             5	2026-09-03 19:29:55	2	1	1	0
           114	2026-09-03 19:30:07	2	1	1	0
            91	2026-09-03 19:30:22	2	1	3	0
            27	2026-09-03 19:30:29	2	1	1	0
            24	2026-09-03 19:30:38	2	1	1	0
            83	2026-09-03 19:30:54	2	1	1	0
           134	2026-09-03 19:34:31	2	1	1	0
            80	2026-09-03 19:34:43	2	1	1	0
            96	2026-09-03 19:35:04	2	1	1	0
           164	2026-09-03 19:35:25	2	1	1	0
            92	2026-09-03 19:36:16	2	1	1	0
            20	2026-09-03 19:39:20	2	1	1	0
            50	2026-09-03 19:39:30	2	1	1	0
           128	2026-09-03 19:39:39	2	1	1	0
            41	2026-09-03 19:48:59	2	1	1	0
            51	2026-09-03 19:50:16	2	1	1	0
           119	2026-09-03 19:55:55	2	1	1	0
            49	2026-09-03 19:56:00	2	1	1	0
            29	2026-09-03 19:56:36	2	1	1	0
            28	2026-09-03 19:56:56	2	1	1	0
           108	2026-09-03 19:57:45	2	1	1	0
            90	2026-09-03 19:58:18	2	1	1	0
            25	2026-09-03 20:02:41	2	1	1	0
             4	2026-09-03 20:04:58	2	1	3	0
           156	2026-09-04 06:28:49	2	0	1	0
           108	2026-09-04 06:30:29	2	0	1	0
            74	2026-09-04 06:30:57	2	0	1	0
            62	2026-09-04 06:33:30	2	0	1	0
            19	2026-09-04 06:33:45	2	0	1	0
           125	2026-09-04 06:37:28	2	0	1	0
            95	2026-09-04 06:38:44	2	0	1	0
            25	2026-09-04 06:39:18	2	0	1	0
           161	2026-09-04 06:39:30	2	0	1	0
           114	2026-09-04 06:39:41	2	0	1	0
           109	2026-09-04 06:41:38	2	0	1	0
           124	2026-09-04 06:41:43	2	0	1	0
            90	2026-09-04 06:45:24	2	0	1	0
           122	2026-09-04 06:45:31	2	0	1	0
           117	2026-09-04 06:46:32	2	0	1	0
           163	2026-09-04 06:46:38	2	0	1	0
           134	2026-09-04 06:50:43	2	0	1	0
            72	2026-09-04 06:51:14	2	0	1	0
           160	2026-09-04 06:51:22	2	0	1	0
            99	2026-09-04 06:51:44	2	0	1	0
           136	2026-09-04 06:53:11	2	0	1	0
            24	2026-09-04 06:53:41	2	0	1	0
            60	2026-09-04 06:53:56	2	0	1	0
           162	2026-09-04 06:54:01	2	0	1	0
            88	2026-09-04 06:54:43	2	0	1	0
            36	2026-09-04 06:56:03	2	0	1	0
            65	2026-09-04 06:56:20	2	0	3	0
           143	2026-09-04 06:56:26	2	0	1	0
            48	2026-09-04 06:56:32	2	0	1	0
            83	2026-09-04 06:56:39	2	0	1	0
           119	2026-09-04 06:56:49	2	0	1	0
           137	2026-09-04 06:57:09	2	0	1	0
           154	2026-09-04 06:57:15	2	0	1	0
           111	2026-09-04 06:57:37	2	0	1	0
             5	2026-09-04 06:58:04	2	0	1	0
            75	2026-09-04 06:59:30	2	0	1	0
            61	2026-09-04 07:02:38	2	0	1	0
            41	2026-09-04 07:03:22	2	0	1	0
            79	2026-09-04 07:03:49	2	0	1	0
            63	2026-09-04 07:05:25	2	0	1	0
           128	2026-09-04 07:05:31	2	0	1	0
           106	2026-09-04 07:05:59	2	0	1	0
           104	2026-09-04 07:07:01	2	0	1	0
            85	2026-09-04 07:07:19	2	0	1	0
            51	2026-09-04 07:07:28	2	0	1	0
            28	2026-09-04 07:13:30	2	0	1	0
            93	2026-09-04 07:19:51	2	0	1	0
           157	2026-09-04 07:22:23	2	0	1	0
            13	2026-09-04 07:23:13	2	0	1	0
            50	2026-09-04 07:33:19	2	0	1	0
           102	2026-09-04 07:44:48	2	0	1	0
            34	2026-09-04 07:46:52	2	0	3	0
            12	2026-09-04 07:47:51	2	0	1	0
            20	2026-09-04 08:41:05	2	0	1	0
           122	2026-09-04 16:26:54	2	1	1	0
            93	2026-09-04 17:07:54	2	1	1	0
            27	2026-09-04 17:09:01	2	0	1	0
            51	2026-09-04 17:12:28	2	1	1	0
           157	2026-09-04 17:14:03	2	1	1	0
            71	2026-09-04 17:39:56	2	0	1	0
           141	2026-09-04 17:56:58	2	0	3	0
            29	2026-09-04 18:05:44	2	0	1	0
           158	2026-09-04 18:16:12	2	0	1	0
            57	2026-09-04 18:22:46	2	0	1	0
           105	2026-09-04 18:24:23	2	1	1	0
             9	2026-09-04 18:24:52	2	0	1	0
           101	2026-09-04 18:27:33	2	0	1	0
            98	2026-09-04 18:27:50	2	0	1	0
            80	2026-09-04 18:27:57	2	0	1	0
           151	2026-09-04 18:34:03	2	0	1	0
           152	2026-09-04 18:35:19	2	0	1	0
           118	2026-09-04 18:35:25	2	0	1	0
           159	2026-09-04 18:35:35	2	0	1	0
            49	2026-09-04 18:35:55	2	0	1	0
           100	2026-09-04 18:40:02	2	0	1	0
            91	2026-09-04 18:43:22	2	0	3	0
            92	2026-09-04 18:43:52	2	0	1	0
             2	2026-09-04 18:45:02	2	0	1	0
             4	2026-09-04 18:46:52	2	0	1	0
            12	2026-09-04 18:47:09	2	1	1	0
            61	2026-09-04 18:48:37	2	1	1	0
            96	2026-09-04 18:53:29	2	0	1	0
           164	2026-09-04 18:54:34	2	0	1	0
            79	2026-09-04 18:55:10	2	1	1	0
            75	2026-09-04 18:56:40	2	1	1	0
            62	2026-09-04 18:59:11	2	1	1	0
            88	2026-09-04 18:59:19	2	1	1	0
           110	2026-09-04 19:02:32	2	0	1	0
            34	2026-09-04 19:06:07	2	1	3	0
             5	2026-09-04 19:07:27	2	1	1	0
           111	2026-09-04 19:07:40	2	1	1	0
           125	2026-09-04 19:09:24	2	1	1	0
            13	2026-09-04 19:09:39	2	1	1	0
            74	2026-09-04 19:12:20	2	1	1	0
           160	2026-09-04 19:12:24	2	1	1	0
           124	2026-09-04 19:13:42	2	1	1	0
           154	2026-09-04 19:14:12	2	1	1	0
           106	2026-09-04 19:14:22	2	0	1	0
            65	2026-09-04 19:15:03	2	1	3	0
            72	2026-09-04 19:18:09	2	1	1	0
           117	2026-09-04 19:18:49	2	1	1	0
           143	2026-09-04 19:20:22	2	1	1	0
           162	2026-09-04 19:20:47	2	1	1	0
           163	2026-09-04 19:20:51	2	1	1	0
            85	2026-09-04 19:20:54	2	1	1	0
            95	2026-09-04 19:21:01	2	1	1	0
           104	2026-09-04 19:21:08	2	1	1	0
           156	2026-09-04 19:21:33	2	1	1	0
           128	2026-09-04 19:24:15	2	1	1	0
            90	2026-09-04 19:24:26	2	1	1	0
           137	2026-09-04 19:25:28	2	1	1	0
            24	2026-09-04 19:26:17	2	1	1	0
            99	2026-09-04 19:28:28	2	1	1	0
            41	2026-09-04 19:30:01	2	1	1	0
           161	2026-09-04 19:31:34	2	1	1	0
           109	2026-09-04 19:31:40	2	1	1	0
            60	2026-09-04 19:36:48	2	1	1	0
            50	2026-09-04 19:43:08	2	1	1	0
           134	2026-09-04 19:51:23	2	1	1	0
            36	2026-09-04 19:53:54	2	1	1	0
           136	2026-09-04 19:54:02	2	1	1	0
            19	2026-09-04 19:54:09	2	1	1	0
            48	2026-09-04 19:54:19	2	1	1	0
           119	2026-09-04 19:54:57	2	1	1	0
           108	2026-09-04 19:55:28	2	1	1	0
           114	2026-09-04 19:55:40	2	1	1	0
            28	2026-09-04 20:16:16	2	1	1	0
            25	2026-09-04 20:16:23	2	1	1	0
           102	2026-09-04 20:18:21	2	1	1	0
            20	2026-09-04 20:18:37	2	1	1	0
            63	2026-09-04 20:18:55	2	1	1	0
            83	2026-09-04 20:20:17	2	1	1	0
           141	2026-09-05 06:46:41	2	1	3	0
            24	2026-09-05 06:52:53	2	0	1	0
            61	2026-09-05 07:21:52	2	0	1	0
            63	2026-09-05 07:23:05	2	0	1	0
            60	2026-09-05 07:29:21	2	0	1	0
            13	2026-09-05 07:38:24	2	0	1	0
           100	2026-09-05 08:29:09	2	1	1	0
            98	2026-09-05 08:29:16	2	1	1	0
             2	2026-09-05 08:29:33	2	1	1	0
           101	2026-09-05 08:29:55	2	1	1	0
             9	2026-09-05 08:30:24	2	1	1	0
           105	2026-09-05 08:30:38	2	1	1	0
           110	2026-09-05 08:31:25	2	1	1	0
            92	2026-09-05 08:31:44	2	1	1	0
           164	2026-09-05 08:31:49	2	1	1	0
            71	2026-09-05 08:32:02	2	1	1	0
            27	2026-09-05 08:33:05	2	1	1	0
            80	2026-09-05 08:34:16	2	1	1	0
            96	2026-09-05 08:34:22	2	1	1	0
            91	2026-09-05 08:34:46	2	1	3	0
            20	2026-09-05 08:37:24	2	0	1	0
            57	2026-09-05 08:38:46	2	1	1	0
            49	2026-09-05 08:41:34	2	1	1	0
           151	2026-09-05 08:43:10	2	1	1	0
            62	2026-09-05 08:44:17	2	0	1	0
           152	2026-09-05 08:46:09	2	1	1	0
           159	2026-09-05 08:46:28	2	1	1	0
           158	2026-09-05 08:46:38	2	1	1	0
           118	2026-09-05 08:47:38	2	1	1	0
            29	2026-09-05 08:59:38	2	1	1	0
            12	2026-09-05 09:04:48	2	0	1	0
           134	2026-09-05 09:07:19	2	0	1	0
             4	2026-09-05 09:19:14	2	1	1	0
            60	2026-09-05 11:56:28	2	1	1	0
            13	2026-09-05 12:36:48	2	1	1	0
            62	2026-09-05 12:53:59	2	1	1	0
            20	2026-09-05 13:07:39	2	1	1	0
            63	2026-09-05 14:05:47	2	1	1	0
            12	2026-09-05 14:17:11	2	1	1	0
            24	2026-09-05 14:18:25	2	1	1	0
           134	2026-09-05 19:45:46	2	1	1	0
           134	2026-09-06 10:39:04	2	0	1	0
           108	2026-09-06 13:02:02	2	0	1	0
           108	2026-09-06 18:43:27	2	1	1	0
           134	2026-09-06 19:32:51	2	1	1	0
            71	2026-09-07 06:09:04	2	0	1	0
            93	2026-09-07 06:13:32	2	0	1	0
            27	2026-09-07 06:21:34	2	0	1	0
             9	2026-09-07 06:23:04	2	0	1	0
           105	2026-09-07 06:31:13	2	0	1	0
            19	2026-09-07 06:34:48	2	0	1	0
           108	2026-09-07 06:42:06	2	0	1	0
           114	2026-09-07 06:42:22	2	0	1	0
            57	2026-09-07 06:43:58	2	0	1	0
            80	2026-09-07 06:44:42	2	0	1	0
            74	2026-09-07 06:44:57	2	0	1	0
            70	2026-09-07 06:47:08	2	0	1	0
            92	2026-09-07 06:50:17	2	0	1	0
            96	2026-09-07 06:50:36	2	0	1	0
            24	2026-09-07 06:50:46	2	0	1	0
            36	2026-09-07 06:51:03	2	0	1	0
            91	2026-09-07 06:51:48	2	0	3	0
            60	2026-09-07 06:51:55	2	0	1	0
            48	2026-09-07 06:52:01	2	0	1	0
            90	2026-09-07 06:52:33	2	0	1	0
            97	2026-09-07 06:53:12	2	0	1	0
           137	2026-09-07 06:53:58	2	0	1	0
            76	2026-09-07 06:57:00	2	0	1	0
           141	2026-09-07 06:57:21	2	0	3	0
             4	2026-09-07 06:57:32	2	0	1	0
             5	2026-09-07 06:58:50	2	0	1	0
            63	2026-09-07 06:59:14	2	0	1	0
             5	2026-09-07 07:01:10	2	0	1	0
           118	2026-09-07 07:01:30	2	0	1	0
            75	2026-09-07 07:02:24	2	0	1	0
           100	2026-09-07 07:02:45	2	0	1	0
           143	2026-09-07 07:02:51	2	0	1	0
           152	2026-09-07 07:03:35	2	0	1	0
            51	2026-09-07 07:03:47	2	0	1	0
            98	2026-09-07 07:06:03	2	0	1	0
           101	2026-09-07 07:06:46	2	0	1	0
            29	2026-09-07 07:06:59	2	0	1	0
           159	2026-09-07 07:07:07	2	0	1	0
             2	2026-09-07 07:07:17	2	0	1	0
            61	2026-09-07 07:08:25	2	0	1	0
           111	2026-09-07 07:08:44	2	0	1	0
           136	2026-09-07 07:18:12	2	0	1	0
            39	2026-09-07 07:18:22	2	0	1	0
           158	2026-09-07 07:18:37	2	0	1	0
           110	2026-09-07 07:23:01	2	0	1	0
            79	2026-09-07 07:24:36	2	0	1	0
           164	2026-09-07 07:27:28	2	0	1	0
            13	2026-09-07 07:32:10	2	0	1	0
            88	2026-09-07 07:33:42	2	0	1	0
            62	2026-09-07 07:35:33	2	0	1	0
            25	2026-09-07 07:35:50	2	0	1	0
           102	2026-09-07 07:45:34	2	0	1	0
            12	2026-09-07 07:52:24	2	0	1	0
           157	2026-09-07 07:52:42	2	0	1	0
            34	2026-09-07 08:01:08	2	0	3	0
            20	2026-09-07 08:05:17	2	0	1	0
           134	2026-09-07 08:47:05	2	0	1	0
           151	2026-09-07 08:53:06	2	0	1	0
           151	2026-09-07 10:59:21	2	1	1	0
           135	2026-09-07 13:23:02	2	0	1	0
           135	2026-09-07 16:17:16	2	1	1	0
            19	2026-09-07 16:58:49	2	1	1	0
           157	2026-09-07 17:01:57	2	1	1	0
            39	2026-09-07 17:02:05	2	1	1	0
            79	2026-09-07 17:02:12	2	1	1	0
            36	2026-09-07 17:02:33	2	0	1	0
           136	2026-09-07 17:03:06	2	1	1	0
            75	2026-09-07 17:06:00	2	1	1	0
           114	2026-09-07 17:06:27	2	1	1	0
            34	2026-09-07 17:08:45	2	1	3	0
           102	2026-09-07 17:09:27	2	1	1	0
            13	2026-09-07 17:10:54	2	0	1	0
            93	2026-09-07 17:11:27	2	1	1	0
            61	2026-09-07 17:11:32	2	1	1	0
             9	2026-09-07 17:17:42	2	1	1	0
           100	2026-09-07 17:17:48	2	1	1	0
             2	2026-09-07 17:17:54	2	1	1	0
           105	2026-09-07 17:18:15	2	1	1	0
            98	2026-09-07 17:18:35	2	1	1	0
           101	2026-09-07 17:18:39	2	1	1	0
           137	2026-09-07 17:18:48	2	1	1	0
           110	2026-09-07 17:19:01	2	1	1	0
            97	2026-09-07 17:19:11	2	1	1	0
           108	2026-09-07 17:19:23	2	1	1	0
            48	2026-09-07 17:20:23	2	1	1	0
            57	2026-09-07 17:20:32	2	1	1	0
            71	2026-09-07 17:20:52	2	1	1	0
           118	2026-09-07 17:22:33	2	1	1	0
            76	2026-09-07 17:22:51	2	1	1	0
            80	2026-09-07 17:23:17	2	1	1	0
            91	2026-09-07 17:23:29	2	1	3	0
           143	2026-09-07 17:23:36	2	1	1	0
            96	2026-09-07 17:23:43	2	1	1	0
           159	2026-09-07 17:24:11	2	1	1	0
           152	2026-09-07 17:24:35	2	1	1	0
           158	2026-09-07 17:24:58	2	1	1	0
            29	2026-09-07 17:25:30	2	1	1	0
           141	2026-09-07 17:25:52	2	1	3	0
             5	2026-09-07 17:26:06	2	1	1	0
            25	2026-09-07 17:26:33	2	1	1	0
           111	2026-09-07 17:27:02	2	1	1	0
             5	2026-09-07 17:28:18	2	1	1	0
           111	2026-09-07 17:28:30	2	1	1	0
            90	2026-09-07 17:28:43	2	1	1	0
            27	2026-09-07 17:31:11	2	1	1	0
            60	2026-09-07 17:31:21	2	1	1	0
           164	2026-09-07 17:33:56	2	1	1	0
            92	2026-09-07 17:34:02	2	1	1	0
            51	2026-09-07 17:34:11	2	1	1	0
            74	2026-09-07 17:41:42	2	1	1	0
             4	2026-09-07 17:44:06	2	1	3	0
            12	2026-09-07 18:01:04	2	1	1	0
            20	2026-09-07 18:04:26	2	1	1	0
            63	2026-09-07 18:04:35	2	1	1	0
            24	2026-09-07 18:18:54	2	1	1	0
            62	2026-09-07 18:54:39	2	1	1	0
            88	2026-09-07 18:54:47	2	1	1	0
           134	2026-09-07 19:45:01	2	1	1	0
            93	2026-09-08 05:57:39	2	0	1	0
            71	2026-09-08 06:03:59	2	0	1	0
            74	2026-09-08 06:10:11	2	0	1	0
            62	2026-09-08 06:20:08	2	0	1	0
             9	2026-09-08 06:25:05	2	0	1	0
           105	2026-09-08 06:28:12	2	0	1	0
           158	2026-09-08 06:28:36	2	0	1	0
            19	2026-09-08 06:36:33	2	0	1	0
           108	2026-09-08 06:37:05	2	0	1	0
            27	2026-09-08 06:37:38	2	0	1	0
            96	2026-09-08 06:37:43	2	0	1	0
            97	2026-09-08 06:40:24	2	0	1	0
            80	2026-09-08 06:41:20	2	0	1	0
           114	2026-09-08 06:41:55	2	0	1	0
           151	2026-09-08 06:42:02	2	0	1	0
            98	2026-09-08 06:43:12	2	0	1	0
           101	2026-09-08 06:43:26	2	0	1	0
           118	2026-09-08 06:46:21	2	0	1	0
            24	2026-09-08 06:46:52	2	0	1	0
            76	2026-09-08 06:47:10	2	0	1	0
            91	2026-09-08 06:48:21	2	0	3	0
            36	2026-09-08 06:49:12	2	0	1	0
            48	2026-09-08 06:49:43	2	0	1	0
           141	2026-09-08 06:52:15	2	0	3	0
            92	2026-09-08 06:52:26	2	0	1	0
            51	2026-09-08 06:52:42	2	0	1	0
            90	2026-09-08 06:52:51	2	0	1	0
            57	2026-09-08 06:53:06	2	0	1	0
           137	2026-09-08 06:54:30	2	0	1	0
             4	2026-09-08 06:54:55	2	0	1	0
             5	2026-09-08 06:55:14	2	0	1	0
           152	2026-09-08 06:55:30	2	0	1	0
            63	2026-09-08 06:57:58	2	0	1	0
           100	2026-09-08 06:58:26	2	0	1	0
           143	2026-09-08 06:58:42	2	0	1	0
            75	2026-09-08 07:01:11	2	0	1	0
            60	2026-09-08 07:01:29	2	0	1	0
            79	2026-09-08 07:03:07	2	0	1	0
           111	2026-09-08 07:03:30	2	1	1	0
           136	2026-09-08 07:04:01	2	0	1	0
            39	2026-09-08 07:04:07	2	0	1	0
           110	2026-09-08 07:06:32	2	0	1	0
             2	2026-09-08 07:10:59	2	0	1	0
            88	2026-09-08 07:11:09	2	0	1	0
            61	2026-09-08 07:12:08	2	0	1	0
           159	2026-09-08 07:13:11	2	0	1	0
            25	2026-09-08 07:14:15	2	0	1	0
           157	2026-09-08 07:21:23	2	0	1	0
           164	2026-09-08 07:21:43	2	0	1	0
            31	2026-09-08 07:24:12	2	0	1	0
            12	2026-09-08 07:27:18	2	0	1	0
            13	2026-09-08 07:27:54	2	0	1	0
           102	2026-09-08 07:45:46	2	0	1	0
            34	2026-09-08 07:48:02	2	0	3	0
           135	2026-09-08 08:20:41	2	0	1	0
            20	2026-09-08 08:23:43	2	0	1	0
           134	2026-09-08 09:11:37	2	0	1	0
           157	2026-09-08 17:10:10	2	1	1	0
             9	2026-09-08 17:37:57	2	1	1	0
           134	2026-09-08 17:44:04	2	1	1	0
            12	2026-09-08 18:27:12	2	1	1	0
            13	2026-09-08 18:28:06	2	1	1	0
            93	2026-09-08 18:28:40	2	1	1	0
            61	2026-09-08 18:33:29	2	1	1	0
           100	2026-09-08 18:40:15	2	1	1	0
           118	2026-09-08 18:41:30	2	1	1	0
           143	2026-09-08 18:41:37	2	1	1	0
           159	2026-09-08 18:42:05	2	1	1	0
            51	2026-09-08 18:42:10	2	1	1	0
           105	2026-09-08 18:42:25	2	1	1	0
           158	2026-09-08 18:42:37	2	1	1	0
            98	2026-09-08 18:42:47	2	1	1	0
           141	2026-09-08 18:43:07	2	1	3	0
            92	2026-09-08 18:43:15	2	1	1	0
           101	2026-09-08 18:43:20	2	1	1	0
           151	2026-09-08 18:43:34	2	1	1	0
            76	2026-09-08 18:44:02	2	1	1	0
             2	2026-09-08 18:44:08	2	1	1	0
            57	2026-09-08 18:44:15	2	1	1	0
            71	2026-09-08 18:44:40	2	1	1	0
            34	2026-09-08 18:44:52	2	1	3	0
            91	2026-09-08 18:45:07	2	1	3	0
            74	2026-09-08 18:45:25	2	1	1	0
            80	2026-09-08 18:46:23	2	1	1	0
            96	2026-09-08 18:46:41	2	1	1	0
           152	2026-09-08 18:47:24	2	1	1	0
            48	2026-09-08 18:47:51	2	1	1	0
           164	2026-09-08 18:49:24	2	1	1	0
           110	2026-09-08 18:51:05	2	1	1	0
            88	2026-09-08 18:51:08	2	1	1	0
            62	2026-09-08 18:51:19	2	1	1	0
            75	2026-09-08 18:51:25	2	1	1	0
            97	2026-09-08 18:51:37	2	1	1	0
            27	2026-09-08 18:51:46	2	1	1	0
           102	2026-09-08 18:51:57	2	1	1	0
            63	2026-09-08 18:52:03	2	1	1	0
            20	2026-09-08 18:52:09	2	1	1	0
            31	2026-09-08 18:53:36	2	1	1	0
            60	2026-09-08 18:55:25	2	1	1	0
           137	2026-09-08 19:01:44	2	1	1	0
            24	2026-09-08 19:02:32	2	1	1	0
            19	2026-09-08 19:03:56	2	1	1	0
           136	2026-09-08 19:04:43	2	1	1	0
            79	2026-09-08 19:04:52	2	1	1	0
            39	2026-09-08 19:07:37	2	1	1	0
            36	2026-09-08 19:23:30	2	1	1	0
           108	2026-09-08 19:24:21	2	1	1	0
           114	2026-09-08 19:24:42	2	1	1	0
            90	2026-09-08 19:24:59	2	1	1	0
           111	2026-09-08 19:44:49	2	1	1	0
             4	2026-09-08 19:45:23	2	1	3	0
             5	2026-09-08 19:46:14	2	1	1	0
            25	2026-09-08 20:01:43	2	1	1	0
           135	2026-09-08 20:34:42	2	1	1	0
            71	2026-09-09 06:08:52	2	0	1	0
            74	2026-09-09 06:11:15	2	0	1	0
            62	2026-09-09 06:15:29	2	0	1	0
            96	2026-09-09 06:18:09	2	0	1	0
            27	2026-09-09 06:27:17	2	0	1	0
           105	2026-09-09 06:28:54	2	0	1	0
           158	2026-09-09 06:30:37	2	0	1	0
             9	2026-09-09 06:30:50	2	0	1	0
           151	2026-09-09 06:33:15	2	0	1	0
            19	2026-09-09 06:35:20	2	0	1	0
           108	2026-09-09 06:37:51	2	0	1	0
            97	2026-09-09 06:38:34	2	0	1	0
            92	2026-09-09 06:39:52	2	0	1	0
            80	2026-09-09 06:40:55	2	0	1	0
            91	2026-09-09 06:41:08	2	0	3	0
            90	2026-09-09 06:42:41	2	0	1	0
           141	2026-09-09 06:42:57	2	0	3	0
           114	2026-09-09 06:43:08	2	1	1	0
            57	2026-09-09 06:43:28	2	0	1	0
           152	2026-09-09 06:43:55	2	0	1	0
           100	2026-09-09 06:45:46	2	0	1	0
            25	2026-09-09 06:46:17	2	0	1	0
            60	2026-09-09 06:46:22	2	0	1	0
            76	2026-09-09 06:48:20	2	0	1	0
            24	2026-09-09 06:50:41	2	0	1	0
             4	2026-09-09 06:51:40	2	0	1	0
            36	2026-09-09 06:53:21	2	0	1	0
           159	2026-09-09 06:53:34	2	0	1	0
            48	2026-09-09 06:53:40	2	0	1	0
           118	2026-09-09 06:55:07	2	0	1	0
            63	2026-09-09 06:55:49	2	0	1	0
            75	2026-09-09 06:56:02	2	0	1	0
            61	2026-09-09 06:57:25	2	0	1	0
             2	2026-09-09 06:58:07	2	0	1	0
           137	2026-09-09 06:58:50	2	0	1	0
           101	2026-09-09 06:59:04	2	0	1	0
            98	2026-09-09 06:59:11	2	0	1	0
             5	2026-09-09 06:59:29	2	0	1	0
            79	2026-09-09 07:00:53	2	0	1	0
           143	2026-09-09 07:01:10	2	0	1	0
           111	2026-09-09 07:07:00	2	0	1	0
           110	2026-09-09 07:09:33	2	0	1	0
           136	2026-09-09 07:16:01	2	0	1	0
            39	2026-09-09 07:16:07	2	0	1	0
            88	2026-09-09 07:21:56	2	0	1	0
            44	2026-09-09 07:22:26	2	0	1	0
            12	2026-09-09 07:23:02	2	0	1	0
           102	2026-09-09 07:25:12	2	0	1	0
           157	2026-09-09 07:27:07	2	0	1	0
           164	2026-09-09 07:28:00	2	0	1	0
            13	2026-09-09 07:29:02	2	0	1	0
            31	2026-09-09 07:35:34	2	0	1	0
            34	2026-09-09 07:44:22	2	0	3	0
           135	2026-09-09 07:55:50	2	0	1	0
            20	2026-09-09 08:13:56	2	0	1	0
           134	2026-09-09 09:04:30	2	0	1	0
           100	2026-09-09 16:34:43	2	1	1	0
           157	2026-09-09 17:01:48	2	1	1	0
            19	2026-09-09 17:13:37	2	1	1	0
            79	2026-09-09 17:14:07	2	1	1	0
           136	2026-09-09 17:16:58	2	1	1	0
            75	2026-09-09 17:17:58	2	1	1	0
            39	2026-09-09 17:18:28	2	1	1	0
           134	2026-09-09 17:21:10	2	1	1	0
            44	2026-09-09 17:29:16	2	1	1	0
            74	2026-09-09 17:44:04	2	1	1	0
            12	2026-09-09 17:46:54	2	1	1	0
            61	2026-09-09 17:48:34	2	1	1	0
            60	2026-09-09 18:00:55	2	1	1	0
             9	2026-09-09 18:15:23	2	1	1	0
            62	2026-09-09 18:25:11	2	1	1	0
            88	2026-09-09 18:25:21	2	1	1	0
           114	2026-09-09 18:47:29	2	1	1	0
            31	2026-09-09 19:00:45	2	1	1	0
           108	2026-09-09 19:04:08	2	1	1	0
            90	2026-09-09 19:04:14	2	1	1	0
            27	2026-09-09 19:04:23	2	1	1	0
           137	2026-09-09 19:04:30	2	1	1	0
            13	2026-09-09 19:06:37	2	1	1	0
            92	2026-09-09 19:09:40	2	1	1	0
           164	2026-09-09 19:09:49	2	1	1	0
            71	2026-09-09 19:09:53	2	1	1	0
           105	2026-09-09 19:10:43	2	1	1	0
            98	2026-09-09 19:10:50	2	1	1	0
           101	2026-09-09 19:11:00	2	1	1	0
            48	2026-09-09 19:11:18	2	1	1	0
           102	2026-09-09 19:11:25	2	1	1	0
             2	2026-09-09 19:11:31	2	1	1	0
           118	2026-09-09 19:11:38	2	1	1	0
            97	2026-09-09 19:11:52	2	1	1	0
           159	2026-09-09 19:12:03	2	1	1	0
           158	2026-09-09 19:12:22	2	1	1	0
            57	2026-09-09 19:12:51	2	1	1	0
           110	2026-09-09 19:15:02	2	1	1	0
           151	2026-09-09 19:16:59	2	1	1	0
           152	2026-09-09 19:17:26	2	1	1	0
            24	2026-09-09 19:17:43	2	1	1	0
            76	2026-09-09 19:17:53	2	1	1	0
            80	2026-09-09 19:18:15	2	1	1	0
            96	2026-09-09 19:18:21	2	1	1	0
           143	2026-09-09 19:18:27	2	1	1	0
           141	2026-09-09 19:18:46	2	1	3	0
            91	2026-09-09 19:19:01	2	1	3	0
           111	2026-09-09 19:23:48	2	1	1	0
            25	2026-09-09 19:27:57	2	1	1	0
           135	2026-09-09 19:45:59	2	1	1	0
            36	2026-09-09 19:55:28	2	1	1	0
            34	2026-09-09 19:59:36	2	1	3	0
             5	2026-09-09 20:07:42	2	1	1	0
             4	2026-09-09 20:08:41	2	1	3	0
            63	2026-09-09 20:19:16	2	1	1	0
            20	2026-09-09 20:19:51	2	0	1	0
            71	2026-09-10 06:16:36	2	0	1	0
            62	2026-09-10 06:20:44	2	0	1	0
            74	2026-09-10 06:22:50	2	0	1	0
           122	2026-09-10 06:24:18	2	0	1	0
            96	2026-09-10 06:24:25	2	0	1	0
           105	2026-09-10 06:24:41	2	0	1	0
            27	2026-09-10 06:29:44	2	0	1	0
           163	2026-09-10 06:34:40	2	0	1	0
           117	2026-09-10 06:35:01	2	0	1	0
             9	2026-09-10 06:35:21	2	0	1	0
            75	2026-09-10 06:35:26	2	0	1	0
            19	2026-09-10 06:35:33	2	0	1	0
           158	2026-09-10 06:35:38	2	0	1	0
           159	2026-09-10 06:36:03	2	0	1	0
            78	2026-09-10 06:36:18	2	0	1	0
            72	2026-09-10 06:38:48	2	0	1	0
            97	2026-09-10 06:39:03	2	0	1	0
            92	2026-09-10 06:39:08	2	0	1	0
            80	2026-09-10 06:39:14	2	0	1	0
           104	2026-09-10 06:39:37	2	0	1	0
            98	2026-09-10 06:39:46	2	0	1	0
           101	2026-09-10 06:39:53	2	0	1	0
           161	2026-09-10 06:40:06	2	0	1	0
           100	2026-09-10 06:40:12	2	0	1	0
           124	2026-09-10 06:41:40	2	0	1	0
           114	2026-09-10 06:43:48	2	0	1	0
           156	2026-09-10 06:43:56	2	0	1	0
            60	2026-09-10 06:44:04	2	0	1	0
           151	2026-09-10 06:44:11	2	0	1	0
            76	2026-09-10 06:44:22	2	0	1	0
            91	2026-09-10 06:45:06	2	0	3	0
           125	2026-09-10 06:45:13	2	0	1	0
            57	2026-09-10 06:46:03	2	0	1	0
           108	2026-09-10 06:46:22	2	0	1	0
            36	2026-09-10 06:46:48	2	0	1	0
            48	2026-09-10 06:46:55	2	0	1	0
             4	2026-09-10 06:47:13	2	0	1	0
           152	2026-09-10 06:47:36	2	0	1	0
            99	2026-09-10 06:48:14	2	0	1	0
           160	2026-09-10 06:48:43	2	0	1	0
            90	2026-09-10 06:50:04	2	0	1	0
           141	2026-09-10 06:50:26	2	0	3	0
            24	2026-09-10 06:50:53	2	0	1	0
            12	2026-09-10 06:54:01	2	0	1	0
           143	2026-09-10 06:54:43	2	0	1	0
           121	2026-09-10 06:54:51	2	0	1	0
           118	2026-09-10 06:55:04	2	0	1	0
            88	2026-09-10 06:55:20	2	0	1	0
            83	2026-09-10 06:55:58	2	0	1	0
             5	2026-09-10 06:56:13	2	0	1	0
           137	2026-09-10 06:59:14	2	0	1	0
            65	2026-09-10 07:01:02	2	0	3	0
            25	2026-09-10 07:01:40	2	0	1	0
            28	2026-09-10 07:01:46	2	0	1	0
           106	2026-09-10 07:02:42	2	0	1	0
           164	2026-09-10 07:05:20	2	0	1	0
           119	2026-09-10 07:05:23	2	0	1	0
           154	2026-09-10 07:05:49	2	0	1	0
            79	2026-09-10 07:06:15	2	0	1	0
            63	2026-09-10 07:06:46	2	0	1	0
            39	2026-09-10 07:06:53	2	0	1	0
           136	2026-09-10 07:07:00	2	0	1	0
            44	2026-09-10 07:07:05	2	0	1	0
           111	2026-09-10 07:07:14	2	0	1	0
            29	2026-09-10 07:09:09	2	0	1	0
            85	2026-09-10 07:12:47	2	0	1	0
           128	2026-09-10 07:13:31	2	0	1	0
            50	2026-09-10 07:17:21	2	0	1	0
            49	2026-09-10 07:17:29	2	0	1	0
            41	2026-09-10 07:18:04	2	0	1	0
            61	2026-09-10 07:19:02	2	0	1	0
            95	2026-09-10 07:26:27	2	0	1	0
            31	2026-09-10 07:26:39	2	0	1	0
            13	2026-09-10 07:27:52	2	0	1	0
           157	2026-09-10 07:43:54	2	0	1	0
           102	2026-09-10 07:47:09	2	0	1	0
            34	2026-09-10 07:49:31	2	0	3	0
            93	2026-09-10 07:54:18	2	0	1	0
           135	2026-09-10 07:54:49	2	0	1	0
           134	2026-09-10 08:24:36	2	0	1	0
            20	2026-09-10 08:44:46	2	0	1	0
           109	2026-09-10 09:54:44	2	0	1	0
            72	2026-09-10 17:01:34	2	1	1	0
           134	2026-09-10 17:23:13	2	1	1	0
            93	2026-09-10 17:47:32	2	1	1	0
           157	2026-09-10 17:53:27	2	1	1	0
            61	2026-09-10 17:53:50	2	1	1	0
            60	2026-09-10 17:59:47	2	1	1	0
             9	2026-09-10 18:16:54	2	1	1	0
            12	2026-09-10 18:17:07	2	1	1	0
            19	2026-09-10 18:31:56	2	1	1	0
            79	2026-09-10 18:32:22	2	1	1	0
            23	2026-09-10 18:32:29	2	1	1	0
            62	2026-09-10 18:32:46	2	1	1	0
            88	2026-09-10 18:32:55	2	1	1	0
            75	2026-09-10 18:35:29	2	1	1	0
            44	2026-09-10 18:38:07	2	1	1	0
           136	2026-09-10 18:39:01	2	1	1	0
            39	2026-09-10 18:39:06	2	1	1	0
            36	2026-09-10 18:39:13	2	1	1	0
           102	2026-09-10 19:00:40	2	1	1	0
            74	2026-09-10 19:09:09	2	1	1	0
           114	2026-09-10 19:09:55	2	1	1	0
            34	2026-09-10 19:10:54	2	1	3	0
           125	2026-09-10 19:11:10	2	1	1	0
           135	2026-09-10 19:11:22	2	1	1	0
            31	2026-09-10 19:12:39	2	1	1	0
            27	2026-09-10 19:13:17	2	1	1	0
            99	2026-09-10 19:14:39	2	1	1	0
           117	2026-09-10 19:15:09	2	1	1	0
           154	2026-09-10 19:15:16	2	1	1	0
            85	2026-09-10 19:15:45	2	1	1	0
            57	2026-09-10 19:16:12	2	1	1	0
           121	2026-09-10 19:16:38	2	1	1	0
           124	2026-09-10 19:17:15	2	1	1	0
            13	2026-09-10 19:17:42	2	1	1	0
            78	2026-09-10 19:18:18	2	1	1	0
            98	2026-09-10 19:19:04	2	1	1	0
            24	2026-09-10 19:19:52	2	1	1	0
            50	2026-09-10 19:20:34	2	1	1	0
           128	2026-09-10 19:20:40	2	1	1	0
           101	2026-09-10 19:20:43	2	1	1	0
            71	2026-09-10 19:20:57	2	1	1	0
           106	2026-09-10 19:21:21	2	1	1	0
            97	2026-09-10 19:21:33	2	1	1	0
           104	2026-09-10 19:21:37	2	1	1	0
           163	2026-09-10 19:21:46	2	1	1	0
           158	2026-09-10 19:21:56	2	1	1	0
           159	2026-09-10 19:22:05	2	1	1	0
            41	2026-09-10 19:22:11	2	1	1	0
           151	2026-09-10 19:22:25	2	1	1	0
           160	2026-09-10 19:22:48	2	1	1	0
            83	2026-09-10 19:23:11	2	1	1	0
            80	2026-09-10 19:23:17	2	1	1	0
            95	2026-09-10 19:23:25	2	1	1	0
            96	2026-09-10 19:23:52	2	1	1	0
           105	2026-09-10 19:23:58	2	1	1	0
            63	2026-09-10 19:24:43	2	1	1	0
            20	2026-09-10 19:24:50	2	1	1	0
            90	2026-09-10 19:25:18	2	1	1	0
           109	2026-09-10 19:25:37	2	1	1	0
           100	2026-09-10 19:25:44	2	1	1	0
           161	2026-09-10 19:25:55	2	1	1	0
           143	2026-09-10 19:26:01	2	1	1	0
           156	2026-09-10 19:26:12	2	1	1	0
           122	2026-09-10 19:26:30	2	1	1	0
            91	2026-09-10 19:26:56	2	1	3	0
           111	2026-09-10 19:27:15	2	1	1	0
           152	2026-09-10 19:27:22	2	1	1	0
            49	2026-09-10 19:28:01	2	1	1	0
            48	2026-09-10 19:28:07	2	1	1	0
             4	2026-09-10 19:28:25	2	1	3	0
           108	2026-09-10 19:28:36	2	1	1	0
             5	2026-09-10 19:28:49	2	1	1	0
            65	2026-09-10 19:29:38	2	1	3	0
           137	2026-09-10 19:30:12	2	1	1	0
           141	2026-09-10 19:30:24	2	1	3	0
            76	2026-09-10 19:30:37	2	1	1	0
           118	2026-09-10 19:39:21	2	1	1	0
           119	2026-09-10 19:39:48	2	1	1	0
            29	2026-09-10 19:40:27	2	1	1	0
            28	2026-09-10 19:41:43	2	0	1	0
            25	2026-09-10 19:42:04	2	1	1	0
            92	2026-09-10 19:49:10	2	1	1	0
           164	2026-09-10 19:49:33	2	1	1	0
            71	2026-09-11 06:06:53	2	0	1	0
            27	2026-09-11 06:12:43	2	0	1	0
            74	2026-09-11 06:22:17	2	0	1	0
             9	2026-09-11 06:24:35	2	0	1	0
           105	2026-09-11 06:26:25	2	0	1	0
           158	2026-09-11 06:31:54	2	0	1	0
           114	2026-09-11 06:32:34	2	0	1	0
           108	2026-09-11 06:32:55	2	0	1	0
            96	2026-09-11 06:36:32	2	0	1	0
            19	2026-09-11 06:36:58	2	0	1	0
            80	2026-09-11 06:37:58	2	0	1	0
            98	2026-09-11 06:39:01	2	0	1	0
           101	2026-09-11 06:39:22	2	0	1	0
            57	2026-09-11 06:42:24	2	0	1	0
            97	2026-09-11 06:42:38	2	0	1	0
            90	2026-09-11 06:44:36	2	0	1	0
           151	2026-09-11 06:44:57	2	0	1	0
           159	2026-09-11 06:45:38	2	0	1	0
            91	2026-09-11 06:46:07	2	0	3	0
            92	2026-09-11 06:46:13	2	0	1	0
            24	2026-09-11 06:46:34	2	0	1	0
            48	2026-09-11 06:46:45	2	0	1	0
            76	2026-09-11 06:47:07	2	0	1	0
            36	2026-09-11 06:47:14	2	0	1	0
             5	2026-09-11 06:47:30	2	0	1	0
           141	2026-09-11 06:48:40	2	0	3	0
             2	2026-09-11 06:49:24	2	0	1	0
           118	2026-09-11 06:49:44	2	0	1	0
            75	2026-09-11 06:51:29	2	0	1	0
           100	2026-09-11 06:53:15	2	0	1	0
           111	2026-09-11 06:54:11	2	0	1	0
            60	2026-09-11 06:54:25	2	0	1	0
           152	2026-09-11 06:54:32	2	0	1	0
           143	2026-09-11 06:56:03	2	0	1	0
            79	2026-09-11 06:57:51	2	0	1	0
           137	2026-09-11 06:58:01	2	0	1	0
            63	2026-09-11 06:59:48	2	0	1	0
           136	2026-09-11 07:00:56	2	0	1	0
            39	2026-09-11 07:01:06	2	0	1	0
            62	2026-09-11 07:11:16	2	0	1	0
           164	2026-09-11 07:12:18	2	0	1	0
            44	2026-09-11 07:12:35	2	0	1	0
            88	2026-09-11 07:17:04	2	0	1	0
            61	2026-09-11 07:17:20	2	0	1	0
            25	2026-09-11 07:17:23	2	0	1	0
            93	2026-09-11 07:20:07	2	0	1	0
            31	2026-09-11 07:20:17	2	0	1	0
            12	2026-09-11 07:26:30	2	0	1	0
           102	2026-09-11 07:33:05	2	0	1	0
           157	2026-09-11 07:39:06	2	0	1	0
            34	2026-09-11 07:44:33	2	0	3	0
            20	2026-09-11 07:46:15	2	0	1	0
           135	2026-09-11 08:00:16	2	0	1	0
           134	2026-09-11 08:20:09	2	0	1	0
            24	2026-09-11 09:02:07	2	1	1	0
            25	2026-09-11 16:28:17	2	1	1	0
           157	2026-09-11 17:00:51	2	1	1	0
           134	2026-09-11 17:07:19	2	1	1	0
           156	2026-09-11 17:30:08	2	0	1	0
            95	2026-09-11 17:57:22	2	0	1	0
           109	2026-09-11 18:01:04	2	0	1	0
           161	2026-09-11 18:03:09	2	0	1	0
           124	2026-09-11 18:16:49	2	0	1	0
            49	2026-09-11 18:26:24	2	0	1	0
           163	2026-09-11 18:29:14	2	0	1	0
            85	2026-09-11 18:29:26	2	0	1	0
           117	2026-09-11 18:32:52	2	0	1	0
           122	2026-09-11 18:33:03	2	0	1	0
           121	2026-09-11 18:40:56	2	0	1	0
           125	2026-09-11 18:43:50	2	0	1	0
            78	2026-09-11 18:44:22	2	1	1	0
            83	2026-09-11 18:44:47	2	0	1	0
           106	2026-09-11 18:45:17	2	0	1	0
            28	2026-09-11 18:48:29	2	0	1	0
           104	2026-09-11 18:49:54	2	0	1	0
            99	2026-09-11 18:52:19	2	0	1	0
            65	2026-09-11 18:53:13	2	0	3	0
             4	2026-09-11 18:54:32	2	0	1	0
           119	2026-09-11 18:54:46	2	0	1	0
           154	2026-09-11 18:54:50	2	0	1	0
            75	2026-09-11 18:58:04	2	1	1	0
            50	2026-09-11 18:58:22	2	0	1	0
            13	2026-09-11 19:00:05	2	0	1	0
            79	2026-09-11 19:00:45	2	1	1	0
            93	2026-09-11 19:02:42	2	1	1	0
           137	2026-09-11 19:06:15	2	0	1	0
             5	2026-09-11 19:15:17	2	1	1	0
           128	2026-09-11 19:15:25	2	0	1	0
            74	2026-09-11 19:16:02	2	1	1	0
           111	2026-09-11 19:16:37	2	1	1	0
            41	2026-09-11 19:17:14	2	0	1	0
             2	2026-09-11 19:17:51	2	1	1	0
           100	2026-09-11 19:19:27	2	1	1	0
           159	2026-09-11 19:19:40	2	1	1	0
           158	2026-09-11 19:19:49	2	1	1	0
            12	2026-09-11 19:20:39	2	1	1	0
            71	2026-09-11 19:20:52	2	1	1	0
           105	2026-09-11 19:21:01	2	1	1	0
            96	2026-09-11 19:22:24	2	1	1	0
            80	2026-09-11 19:22:33	2	1	1	0
            91	2026-09-11 19:26:17	2	1	3	0
            61	2026-09-11 19:27:25	2	1	1	0
           152	2026-09-11 19:27:42	2	1	1	0
           151	2026-09-11 19:28:01	2	1	1	0
            27	2026-09-11 19:28:16	2	1	1	0
            97	2026-09-11 19:29:17	2	1	1	0
            31	2026-09-11 19:30:22	2	1	1	0
            57	2026-09-11 19:30:33	2	1	1	0
            48	2026-09-11 19:31:05	2	1	1	0
             9	2026-09-11 19:34:13	2	1	1	0
            76	2026-09-11 19:35:49	2	1	1	0
            62	2026-09-11 19:35:56	2	1	1	0
            88	2026-09-11 19:36:03	2	1	1	0
           141	2026-09-11 19:36:35	2	1	3	0
            92	2026-09-11 19:38:28	2	1	1	0
           164	2026-09-11 19:38:33	2	1	1	0
            98	2026-09-11 19:39:35	2	1	1	0
           101	2026-09-11 19:39:51	2	1	1	0
           135	2026-09-11 19:52:22	2	1	1	0
            39	2026-09-11 20:15:51	2	1	1	0
           136	2026-09-11 20:16:17	2	1	1	0
            19	2026-09-11 20:16:37	2	1	1	0
            36	2026-09-11 20:16:42	2	1	1	0
            44	2026-09-11 20:19:42	2	1	1	0
           114	2026-09-11 20:24:27	2	1	1	0
           102	2026-09-11 20:29:36	2	1	1	0
            34	2026-09-11 20:35:14	2	1	1	0
           108	2026-09-11 20:36:58	2	1	1	0
            90	2026-09-11 20:39:50	2	1	1	0
           118	2026-09-11 20:42:25	2	1	1	0
           143	2026-09-11 20:42:38	2	1	1	0
            29	2026-09-11 20:42:57	2	1	1	0
            60	2026-09-11 20:50:43	2	1	1	0
            63	2026-09-11 21:29:31	2	1	1	0
            20	2026-09-11 21:29:50	2	1	1	0
           125	2026-09-12 07:10:10	2	1	1	0
            50	2026-09-12 07:10:33	2	0	1	0
           124	2026-09-12 07:12:07	2	1	1	0
           160	2026-09-12 07:12:21	2	1	1	0
           122	2026-09-12 07:12:30	2	1	1	0
           121	2026-09-12 07:13:31	2	1	1	0
           106	2026-09-12 07:14:05	2	1	1	0
           117	2026-09-12 07:15:37	2	1	1	0
           128	2026-09-12 07:15:50	2	1	1	0
           161	2026-09-12 07:15:54	2	1	1	0
           109	2026-09-12 07:16:00	2	1	1	0
            78	2026-09-12 07:16:29	2	1	1	0
           163	2026-09-12 07:17:05	2	1	1	0
           104	2026-09-12 07:17:15	2	1	1	0
            95	2026-09-12 07:17:46	2	1	1	0
           156	2026-09-12 07:17:51	2	1	1	0
            85	2026-09-12 07:17:55	2	1	1	0
            99	2026-09-12 07:20:09	2	1	1	0
            65	2026-09-12 07:23:06	2	1	3	0
            49	2026-09-12 07:27:08	2	1	1	0
            83	2026-09-12 07:29:57	2	1	1	0
            13	2026-09-12 07:30:07	2	1	1	0
            63	2026-09-12 07:30:45	2	0	1	0
            62	2026-09-12 07:40:18	2	0	1	0
            41	2026-09-12 07:41:38	2	1	1	0
           154	2026-09-12 07:46:27	2	1	1	0
           119	2026-09-12 07:46:29	2	1	1	0
            28	2026-09-12 07:58:03	2	1	1	0
            60	2026-09-12 08:09:27	2	0	1	0
             4	2026-09-12 08:16:08	2	1	1	0
            93	2026-09-12 08:21:07	2	0	1	0
             9	2026-09-12 08:21:16	2	0	1	0
            61	2026-09-12 08:24:06	2	0	1	0
            34	2026-09-12 08:36:02	2	0	1	0
            20	2026-09-12 09:02:42	2	0	1	0
           135	2026-09-12 09:06:54	2	0	1	0
           134	2026-09-12 09:18:04	2	0	1	0
           134	2026-09-12 16:53:20	2	1	1	0
            34	2026-09-12 17:50:29	2	1	1	0
            61	2026-09-12 19:10:17	2	1	1	0
            12	2026-09-12 19:20:03	2	1	1	0
             9	2026-09-12 19:20:39	2	1	1	0
            93	2026-09-12 19:21:22	2	1	1	0
            62	2026-09-12 19:34:40	2	1	1	0
            60	2026-09-12 19:36:31	2	1	1	0
           135	2026-09-12 20:10:47	2	1	1	0
            63	2026-09-12 20:18:39	2	1	1	0
            20	2026-09-12 20:18:49	2	1	1	0
           135	2026-09-13 09:25:53	2	0	1	0
           135	2026-09-13 19:44:09	2	1	1	0
            74	2026-09-14 06:14:17	2	0	1	0
            71	2026-09-14 06:15:59	2	0	1	0
            19	2026-09-14 06:16:06	2	0	1	0
            95	2026-09-14 06:20:47	2	0	1	0
             9	2026-09-14 06:23:04	2	0	1	0
           122	2026-09-14 06:23:13	2	0	1	0
           105	2026-09-14 06:27:50	2	0	1	0
           114	2026-09-14 06:34:42	2	0	1	0
            72	2026-09-14 06:35:43	2	0	1	0
            78	2026-09-14 06:35:53	2	0	1	0
            85	2026-09-14 06:38:29	2	0	1	0
           124	2026-09-14 06:38:50	2	0	1	0
            90	2026-09-14 06:43:16	2	0	1	0
           108	2026-09-14 06:43:58	2	0	1	0
            97	2026-09-14 06:44:38	2	0	1	0
           151	2026-09-14 06:45:14	2	0	1	0
            27	2026-09-14 06:46:49	2	0	1	0
           163	2026-09-14 06:47:03	2	0	1	0
           117	2026-09-14 06:47:12	2	0	1	0
            83	2026-09-14 06:48:36	2	0	1	0
           121	2026-09-14 06:48:54	2	0	1	0
            24	2026-09-14 06:49:35	2	0	1	0
           160	2026-09-14 06:49:38	2	0	1	0
            99	2026-09-14 06:49:43	2	0	1	0
           100	2026-09-14 06:50:16	2	0	1	0
           161	2026-09-14 06:50:30	2	0	1	0
            57	2026-09-14 06:50:39	2	0	1	0
           137	2026-09-14 06:51:33	2	0	1	0
           156	2026-09-14 06:51:40	2	0	1	0
             5	2026-09-14 06:52:09	2	0	1	0
            60	2026-09-14 06:52:21	2	0	1	0
           125	2026-09-14 06:52:31	2	0	1	0
             5	2026-09-14 06:53:09	2	0	1	0
           143	2026-09-14 06:53:27	2	0	1	0
           109	2026-09-14 06:53:50	2	0	1	0
           104	2026-09-14 06:54:00	2	0	1	0
           162	2026-09-14 06:56:29	2	0	1	0
            36	2026-09-14 06:56:55	2	0	1	0
            51	2026-09-14 06:58:59	2	0	1	0
            93	2026-09-14 06:59:16	2	0	1	0
            75	2026-09-14 07:00:01	2	0	1	0
            63	2026-09-14 07:00:14	2	0	1	0
           111	2026-09-14 07:04:12	2	0	1	0
           118	2026-09-14 07:09:07	2	0	1	0
            13	2026-09-14 07:09:42	2	0	1	0
           119	2026-09-14 07:09:58	2	0	1	0
           154	2026-09-14 07:10:02	2	0	1	0
            88	2026-09-14 07:10:11	2	0	1	0
           158	2026-09-14 07:10:17	2	0	1	0
            44	2026-09-14 07:10:23	2	0	1	0
           134	2026-09-14 07:10:36	2	0	1	0
             4	2026-09-14 07:13:14	2	0	1	0
           106	2026-09-14 07:13:30	2	0	1	0
            29	2026-09-14 07:14:53	2	0	1	0
            50	2026-09-14 07:16:02	2	0	1	0
            91	2026-09-14 07:16:50	2	0	3	0
            62	2026-09-14 07:18:07	2	0	1	0
            79	2026-09-14 07:18:28	2	0	1	0
            48	2026-09-14 07:19:50	2	0	1	0
            65	2026-09-14 07:20:16	2	0	3	0
            49	2026-09-14 07:21:00	2	0	1	0
             3	2026-09-14 07:21:14	2	0	1	0
            61	2026-09-14 07:23:32	2	0	1	0
           102	2026-09-14 07:23:50	2	0	1	0
           164	2026-09-14 07:25:00	2	0	1	0
            39	2026-09-14 07:25:15	2	0	1	0
           128	2026-09-14 07:26:47	2	0	1	0
            31	2026-09-14 07:28:55	2	0	1	0
            28	2026-09-14 07:39:24	2	0	1	0
           159	2026-09-14 07:39:51	2	0	1	0
            12	2026-09-14 07:45:21	2	0	1	0
            34	2026-09-14 07:47:03	2	0	1	0
           157	2026-09-14 07:51:39	2	0	1	0
           110	2026-09-14 07:54:09	2	0	1	0
           135	2026-09-14 08:03:50	2	0	1	0
           152	2026-09-14 08:07:26	2	0	1	0
            96	2026-09-14 08:34:10	2	0	1	0
            20	2026-09-14 08:35:40	2	0	1	0
            92	2026-09-14 08:57:18	2	0	1	0
            76	2026-09-14 09:27:03	2	0	1	0
           141	2026-09-14 09:28:58	2	0	3	0
            98	2026-09-14 09:41:22	2	0	1	0
           101	2026-09-14 09:41:27	2	0	1	0
            25	2026-09-14 11:45:54	2	0	1	0
           157	2026-09-14 17:24:52	2	1	1	0
            93	2026-09-14 17:55:27	2	1	1	0
            20	2026-09-14 17:56:54	2	1	1	0
            63	2026-09-14 17:57:00	2	1	1	0
            12	2026-09-14 18:00:03	2	1	1	0
            61	2026-09-14 18:01:40	2	1	1	0
            60	2026-09-14 18:22:58	2	1	1	0
             9	2026-09-14 18:46:42	2	1	1	0
            34	2026-09-14 18:56:35	2	1	1	0
            75	2026-09-14 18:57:43	2	1	1	0
            88	2026-09-14 19:06:20	2	1	1	0
            23	2026-09-14 19:06:32	2	1	1	0
            62	2026-09-14 19:06:52	2	1	1	0
           137	2026-09-14 19:08:54	2	1	1	0
           125	2026-09-14 19:11:10	2	1	1	0
            99	2026-09-14 19:12:56	2	1	1	0
           124	2026-09-14 19:13:33	2	1	1	0
           160	2026-09-14 19:13:41	2	1	1	0
            74	2026-09-14 19:16:06	2	1	1	0
            31	2026-09-14 19:16:22	2	1	1	0
            27	2026-09-14 19:16:45	2	1	1	0
           105	2026-09-14 19:17:10	2	1	1	0
           101	2026-09-14 19:17:32	2	1	1	0
           100	2026-09-14 19:17:38	2	1	1	0
           161	2026-09-14 19:17:43	2	1	1	0
            98	2026-09-14 19:17:50	2	1	1	0
            24	2026-09-14 19:18:13	2	1	1	0
           122	2026-09-14 19:18:21	2	1	1	0
           118	2026-09-14 19:18:38	2	1	1	0
            71	2026-09-14 19:18:51	2	1	1	0
           143	2026-09-14 19:19:19	2	1	1	0
           156	2026-09-14 19:19:29	2	1	1	0
            85	2026-09-14 19:19:48	2	1	1	0
            78	2026-09-14 19:19:53	2	1	1	0
           163	2026-09-14 19:20:13	2	1	1	0
            80	2026-09-14 19:20:26	2	1	1	0
            96	2026-09-14 19:20:35	2	1	1	0
           110	2026-09-14 19:20:46	2	1	1	0
           109	2026-09-14 19:20:55	2	1	1	0
            50	2026-09-14 19:21:12	2	1	1	0
           117	2026-09-14 19:21:22	2	1	1	0
            79	2026-09-14 19:21:48	2	1	1	0
           121	2026-09-14 19:22:19	2	1	1	0
            65	2026-09-14 19:22:35	2	1	3	0
            57	2026-09-14 19:23:07	2	1	1	0
           162	2026-09-14 19:23:13	2	1	1	0
            51	2026-09-14 19:23:38	2	1	1	0
            97	2026-09-14 19:24:30	2	1	1	0
            72	2026-09-14 19:24:42	2	1	1	0
           104	2026-09-14 19:24:55	2	1	1	0
            39	2026-09-14 19:25:03	2	1	1	0
            95	2026-09-14 19:25:15	2	1	1	0
           141	2026-09-14 19:25:51	2	1	3	0
           151	2026-09-14 19:26:41	2	1	1	0
            91	2026-09-14 19:26:55	2	1	3	0
           159	2026-09-14 19:27:05	2	1	1	0
           108	2026-09-14 19:27:12	2	1	1	0
            90	2026-09-14 19:27:16	2	1	1	0
           158	2026-09-14 19:27:24	2	1	1	0
            83	2026-09-14 19:28:03	2	1	1	0
            48	2026-09-14 19:28:17	2	1	1	0
           152	2026-09-14 19:28:22	2	1	1	0
            49	2026-09-14 19:28:33	2	1	1	0
           111	2026-09-14 19:28:46	2	1	1	0
            13	2026-09-14 19:29:19	2	1	1	0
            76	2026-09-14 19:29:55	2	1	1	0
            19	2026-09-14 19:31:25	2	1	1	0
            36	2026-09-14 19:31:35	2	1	1	0
           102	2026-09-14 19:32:04	2	1	1	0
             3	2026-09-14 19:32:17	2	1	1	0
           114	2026-09-14 19:33:12	2	1	1	0
            92	2026-09-14 19:35:49	2	1	1	0
           164	2026-09-14 19:35:53	2	1	1	0
           134	2026-09-14 19:37:28	2	1	1	0
            44	2026-09-14 19:38:16	2	1	1	0
           154	2026-09-14 19:42:06	2	1	1	0
           119	2026-09-14 19:42:28	2	1	1	0
           128	2026-09-14 19:42:37	2	1	1	0
            29	2026-09-14 19:43:11	2	1	1	0
            28	2026-09-14 19:43:28	2	1	1	0
           135	2026-09-14 19:50:26	2	1	1	0
            25	2026-09-14 19:52:09	2	1	1	0
             4	2026-09-14 20:01:37	2	1	3	0
             5	2026-09-14 20:02:32	2	1	1	0
            74	2026-09-15 06:10:18	2	0	1	0
           122	2026-09-15 06:15:50	2	0	1	0
            71	2026-09-15 06:16:16	2	0	1	0
             9	2026-09-15 06:30:19	2	0	1	0
            27	2026-09-15 06:30:26	2	0	1	0
           105	2026-09-15 06:30:49	2	0	1	0
           108	2026-09-15 06:31:06	2	0	1	0
            19	2026-09-15 06:31:41	2	0	1	0
            78	2026-09-15 06:33:25	2	0	1	0
            62	2026-09-15 06:37:29	2	0	1	0
            95	2026-09-15 06:39:19	2	0	1	0
           114	2026-09-15 06:40:51	2	0	1	0
            90	2026-09-15 06:41:33	2	0	1	0
            80	2026-09-15 06:43:46	2	0	1	0
           158	2026-09-15 06:43:50	2	0	1	0
           117	2026-09-15 06:43:55	2	0	1	0
           109	2026-09-15 06:44:00	2	0	1	0
            57	2026-09-15 06:44:06	2	0	1	0
           163	2026-09-15 06:44:11	2	0	1	0
           125	2026-09-15 06:44:42	2	0	1	0
           101	2026-09-15 06:45:07	2	0	1	0
            98	2026-09-15 06:45:12	2	0	1	0
           151	2026-09-15 06:46:47	2	0	1	0
            76	2026-09-15 06:46:53	2	0	1	0
            72	2026-09-15 06:47:37	2	0	1	0
           124	2026-09-15 06:47:50	2	0	1	0
            60	2026-09-15 06:48:00	2	0	1	0
           162	2026-09-15 06:48:27	2	0	1	0
            97	2026-09-15 06:48:34	2	0	1	0
           159	2026-09-15 06:49:06	2	0	1	0
            36	2026-09-15 06:49:10	2	0	1	0
            48	2026-09-15 06:49:22	2	0	1	0
           141	2026-09-15 06:49:52	2	0	3	0
            24	2026-09-15 06:52:03	2	0	1	0
             5	2026-09-15 06:53:51	2	0	1	0
           161	2026-09-15 06:54:37	2	0	1	0
           100	2026-09-15 06:54:44	2	0	1	0
           160	2026-09-15 06:55:10	2	0	1	0
            99	2026-09-15 06:55:12	2	0	1	0
            92	2026-09-15 06:55:26	2	0	1	0
             2	2026-09-15 06:56:52	2	0	1	0
            96	2026-09-15 06:57:07	2	0	1	0
           121	2026-09-15 06:57:45	2	0	1	0
            85	2026-09-15 06:58:54	2	0	1	0
           118	2026-09-15 06:59:00	2	0	1	0
            65	2026-09-15 06:59:30	2	0	3	0
           164	2026-09-15 06:59:40	2	0	1	0
           152	2026-09-15 07:00:06	2	0	1	0
           119	2026-09-15 07:00:16	2	0	1	0
           154	2026-09-15 07:00:18	2	0	1	0
            63	2026-09-15 07:00:31	2	0	1	0
            28	2026-09-15 07:01:12	2	0	1	0
           110	2026-09-15 07:01:44	2	0	1	0
            79	2026-09-15 07:01:58	2	0	1	0
           111	2026-09-15 07:02:47	2	0	1	0
             4	2026-09-15 07:03:01	2	0	1	0
           137	2026-09-15 07:03:29	2	0	1	0
            91	2026-09-15 07:04:09	2	0	3	0
            61	2026-09-15 07:04:30	2	0	1	0
            51	2026-09-15 07:05:27	2	0	1	0
            88	2026-09-15 07:07:53	2	0	1	0
            83	2026-09-15 07:09:24	2	0	1	0
           143	2026-09-15 07:09:36	2	0	1	0
            75	2026-09-15 07:10:36	2	0	1	0
            50	2026-09-15 07:10:42	2	0	1	0
            39	2026-09-15 07:11:07	2	0	1	0
            49	2026-09-15 07:11:56	2	0	1	0
           104	2026-09-15 07:12:14	2	0	1	0
           134	2026-09-15 07:12:49	2	0	1	0
            44	2026-09-15 07:13:05	2	0	1	0
           128	2026-09-15 07:14:03	2	0	1	0
            29	2026-09-15 07:16:17	2	0	1	0
             3	2026-09-15 07:16:26	2	0	1	0
            25	2026-09-15 07:17:17	2	0	1	0
            31	2026-09-15 07:26:03	2	0	1	0
            13	2026-09-15 07:30:13	2	0	1	0
           102	2026-09-15 07:36:16	2	0	1	0
            93	2026-09-15 07:37:33	2	0	1	0
            34	2026-09-15 07:42:02	2	0	1	0
           157	2026-09-15 07:48:51	2	0	1	0
           135	2026-09-15 07:49:08	2	0	1	0
            12	2026-09-15 07:51:44	2	0	1	0
            20	2026-09-15 08:30:58	2	0	1	0
           157	2026-09-15 17:05:25	2	1	1	0
           134	2026-09-15 17:34:57	2	1	1	0
            19	2026-09-15 18:38:01	2	1	1	0
            39	2026-09-15 18:39:19	2	1	1	0
            75	2026-09-15 18:41:27	2	1	1	0
            79	2026-09-15 18:41:37	2	1	1	0
            74	2026-09-15 18:44:25	2	1	1	0
            12	2026-09-15 19:03:01	2	1	1	0
            31	2026-09-15 19:19:18	2	1	1	0
            36	2026-09-15 19:20:05	2	1	1	0
            44	2026-09-15 19:23:02	2	1	1	0
           114	2026-09-15 19:24:08	2	1	1	0
           125	2026-09-15 19:26:11	2	1	1	0
           121	2026-09-15 19:26:24	2	1	1	0
           122	2026-09-15 19:26:47	2	1	1	0
           124	2026-09-15 19:27:15	2	1	1	0
           105	2026-09-15 19:27:23	2	1	1	0
             2	2026-09-15 19:27:29	2	1	1	0
           117	2026-09-15 19:27:36	2	1	1	0
           160	2026-09-15 19:28:12	2	1	1	0
           158	2026-09-15 19:29:17	2	0	1	0
           159	2026-09-15 19:29:49	2	1	1	0
           137	2026-09-15 19:31:25	2	1	1	0
            50	2026-09-15 19:31:54	2	1	1	0
            99	2026-09-15 19:32:00	2	1	1	0
             9	2026-09-15 19:32:19	2	1	1	0
           109	2026-09-15 19:35:02	2	1	1	0
           161	2026-09-15 19:35:16	2	1	1	0
            71	2026-09-15 19:35:38	2	1	1	0
            51	2026-09-15 19:35:52	2	1	1	0
            92	2026-09-15 19:35:56	2	1	1	0
           164	2026-09-15 19:36:06	2	1	1	0
            76	2026-09-15 19:36:20	2	1	1	0
           128	2026-09-15 19:36:27	2	1	1	0
            72	2026-09-15 19:36:54	2	1	1	0
            78	2026-09-15 19:37:38	2	1	1	0
            97	2026-09-15 19:37:53	2	1	1	0
            91	2026-09-15 19:38:08	2	1	3	0
           141	2026-09-15 19:38:20	2	1	3	0
           162	2026-09-15 19:39:44	2	1	1	0
            62	2026-09-15 19:40:09	2	1	1	0
            95	2026-09-15 19:40:26	2	1	1	0
           108	2026-09-15 19:45:26	2	1	1	0
            90	2026-09-15 19:45:34	2	1	1	0
           152	2026-09-15 19:45:57	2	1	1	0
           151	2026-09-15 19:46:35	2	1	1	0
            49	2026-09-15 19:47:12	2	1	1	0
            48	2026-09-15 19:47:35	2	1	1	0
            13	2026-09-15 19:51:37	2	1	1	0
            34	2026-09-15 19:52:09	2	1	1	0
           100	2026-09-15 19:53:57	2	1	1	0
           104	2026-09-15 19:56:16	2	1	1	0
           110	2026-09-15 19:57:42	2	1	1	0
            80	2026-09-15 19:58:48	2	1	1	0
            61	2026-09-15 19:58:59	2	1	1	0
           111	2026-09-15 19:59:23	2	1	1	0
            96	2026-09-15 19:59:39	2	1	1	0
            27	2026-09-15 20:00:09	2	1	1	0
           163	2026-09-15 20:00:24	2	1	1	0
            57	2026-09-15 20:00:37	2	1	1	0
            65	2026-09-15 20:01:20	2	1	3	0
            85	2026-09-15 20:01:27	2	1	1	0
           118	2026-09-15 20:02:12	2	1	1	0
            29	2026-09-15 20:02:19	2	1	1	0
           154	2026-09-15 20:02:59	2	1	1	0
           143	2026-09-15 20:03:17	2	1	1	0
           119	2026-09-15 20:03:23	2	1	1	0
            93	2026-09-15 20:05:03	2	1	1	0
            98	2026-09-15 20:06:29	2	1	1	0
            60	2026-09-15 20:06:35	2	1	1	0
           101	2026-09-15 20:06:36	2	1	1	0
            83	2026-09-15 20:07:01	2	1	1	0
             5	2026-09-15 20:19:47	2	1	1	0
           102	2026-09-15 20:20:12	2	1	1	0
             4	2026-09-15 20:22:20	2	1	3	0
             3	2026-09-15 20:23:55	2	1	1	0
            24	2026-09-15 20:24:32	2	1	1	0
           135	2026-09-15 20:33:10	2	1	1	0
            20	2026-09-15 20:42:42	2	1	1	0
            63	2026-09-15 20:43:01	2	1	1	0
            28	2026-09-15 20:49:06	2	1	1	0
            25	2026-09-15 20:49:31	2	1	1	0
            83	2026-09-16 06:10:48	2	0	1	0
            74	2026-09-16 06:19:38	2	0	1	0
            72	2026-09-16 06:23:07	2	0	1	0
             9	2026-09-16 06:30:33	2	0	1	0
           122	2026-09-16 06:30:43	2	0	1	0
            19	2026-09-16 06:33:25	2	0	1	0
           114	2026-09-16 06:34:49	2	0	1	0
            78	2026-09-16 06:39:22	2	0	1	0
           108	2026-09-16 06:39:32	2	0	1	0
            95	2026-09-16 06:39:46	2	0	1	0
           124	2026-09-16 06:39:53	2	0	1	0
            36	2026-09-16 06:42:41	2	0	1	0
            62	2026-09-16 06:42:59	2	0	1	0
            90	2026-09-16 06:44:38	2	0	1	0
           162	2026-09-16 06:46:37	2	0	1	0
           163	2026-09-16 06:47:09	2	0	1	0
           117	2026-09-16 06:47:22	2	0	1	0
           143	2026-09-16 06:47:33	2	0	1	0
           125	2026-09-16 06:48:01	2	0	1	0
            75	2026-09-16 06:48:51	2	0	1	0
            85	2026-09-16 06:50:37	2	0	1	0
           161	2026-09-16 06:50:47	2	0	1	0
           109	2026-09-16 06:50:53	2	0	1	0
           160	2026-09-16 06:51:05	2	0	1	0
            99	2026-09-16 06:51:29	2	0	1	0
            25	2026-09-16 06:51:57	2	0	1	0
            65	2026-09-16 06:52:28	2	0	3	0
             5	2026-09-16 06:53:18	2	0	1	0
            28	2026-09-16 06:56:30	2	0	1	0
           104	2026-09-16 06:56:35	2	0	1	0
           121	2026-09-16 06:57:04	2	0	1	0
            41	2026-09-16 06:57:42	2	0	1	0
           137	2026-09-16 06:59:41	2	0	1	0
           106	2026-09-16 07:01:01	2	0	1	0
           111	2026-09-16 07:01:22	2	0	1	0
             3	2026-09-16 07:01:28	2	0	1	0
           119	2026-09-16 07:02:50	2	0	1	0
           154	2026-09-16 07:02:55	2	0	1	0
            79	2026-09-16 07:04:32	2	0	1	0
            39	2026-09-16 07:04:47	2	0	1	0
            93	2026-09-16 07:05:53	2	0	1	0
           128	2026-09-16 07:07:02	2	0	1	0
            50	2026-09-16 07:07:12	2	0	1	0
            88	2026-09-16 07:08:14	2	0	1	0
            63	2026-09-16 07:08:24	2	0	1	0
            60	2026-09-16 07:11:26	2	0	1	0
            12	2026-09-16 07:15:22	2	0	1	0
           134	2026-09-16 07:15:34	2	0	1	0
            44	2026-09-16 07:15:53	2	0	1	0
           102	2026-09-16 07:17:59	2	0	1	0
            13	2026-09-16 07:19:12	2	0	1	0
            31	2026-09-16 07:20:41	2	0	1	0
            61	2026-09-16 07:21:15	2	0	1	0
            49	2026-09-16 07:26:15	2	0	1	0
            34	2026-09-16 07:47:07	2	0	1	0
           157	2026-09-16 07:53:29	2	0	1	0
           135	2026-09-16 08:25:36	2	0	1	0
            20	2026-09-16 08:35:11	2	0	1	0
            70	2026-09-16 09:15:32	2	0	1	0
           100	2026-09-16 16:43:43	2	0	1	0
           157	2026-09-16 17:15:55	2	1	1	0
           134	2026-09-16 17:37:51	2	1	1	0
            19	2026-09-16 18:00:33	2	1	1	0
            70	2026-09-16 18:03:11	2	1	1	0
            75	2026-09-16 18:06:14	2	1	1	0
            79	2026-09-16 18:07:27	2	1	1	0
           100	2026-09-16 18:07:54	2	1	1	0
            39	2026-09-16 18:08:55	2	1	1	0
           114	2026-09-16 18:11:42	2	1	1	0
            74	2026-09-16 18:12:22	2	1	1	0
            44	2026-09-16 18:14:18	2	1	1	0
            12	2026-09-16 18:50:32	2	1	1	0
            93	2026-09-16 19:01:32	2	1	1	0
            61	2026-09-16 19:01:45	2	1	1	0
            60	2026-09-16 19:02:09	2	1	1	0
           137	2026-09-16 19:02:55	2	1	1	0
           125	2026-09-16 19:08:59	2	1	1	0
             9	2026-09-16 19:11:22	2	1	1	0
           160	2026-09-16 19:11:46	2	1	1	0
           117	2026-09-16 19:11:57	2	1	1	0
           124	2026-09-16 19:12:03	2	1	1	0
           143	2026-09-16 19:12:09	2	1	1	0
           122	2026-09-16 19:12:43	2	0	1	0
            99	2026-09-16 19:15:10	2	1	1	0
            62	2026-09-16 19:15:16	2	1	1	0
            78	2026-09-16 19:16:51	2	1	1	0
           121	2026-09-16 19:16:57	2	1	1	0
            31	2026-09-16 19:17:16	2	0	1	0
            13	2026-09-16 19:19:51	2	1	1	0
           106	2026-09-16 19:20:03	2	1	1	0
           128	2026-09-16 19:20:47	2	1	1	0
           161	2026-09-16 19:21:26	2	1	1	0
            95	2026-09-16 19:24:16	2	1	1	0
            72	2026-09-16 19:24:24	2	1	1	0
           163	2026-09-16 19:25:14	2	1	1	0
           162	2026-09-16 19:25:32	2	1	1	0
            85	2026-09-16 19:25:47	2	1	1	0
            65	2026-09-16 19:26:21	2	1	3	0
            83	2026-09-16 19:26:28	2	1	1	0
           108	2026-09-16 19:30:33	2	1	1	0
           109	2026-09-16 19:31:40	2	1	1	0
           104	2026-09-16 19:31:59	2	1	1	0
            90	2026-09-16 19:32:10	2	1	1	0
            50	2026-09-16 19:35:37	2	1	1	0
             3	2026-09-16 19:39:26	2	1	1	0
           102	2026-09-16 19:40:00	2	1	1	0
           154	2026-09-16 19:42:21	2	1	1	0
            49	2026-09-16 19:42:27	2	1	1	0
           119	2026-09-16 19:42:37	2	1	1	0
            41	2026-09-16 19:43:41	2	1	1	0
            34	2026-09-16 19:55:50	2	1	1	0
           111	2026-09-16 20:01:18	2	1	1	0
             5	2026-09-16 20:02:54	2	1	1	0
            36	2026-09-16 20:03:51	2	1	1	0
            25	2026-09-16 20:05:35	2	1	1	0
            28	2026-09-16 20:06:01	2	1	1	0
            20	2026-09-16 20:17:10	2	1	1	0
            63	2026-09-16 20:17:21	2	1	1	0
           135	2026-09-16 20:49:48	2	1	1	0
            83	2026-09-17 06:12:53	2	0	1	0
            74	2026-09-17 06:16:13	2	0	1	0
            72	2026-09-17 06:19:31	2	0	1	0
             9	2026-09-17 06:28:50	2	0	1	0
           124	2026-09-17 06:31:17	2	0	1	0
           104	2026-09-17 06:32:09	2	0	1	0
           122	2026-09-17 06:32:15	2	0	1	0
            19	2026-09-17 06:32:26	2	0	1	0
            95	2026-09-17 06:35:09	2	0	1	0
           143	2026-09-17 06:40:14	2	0	1	0
            36	2026-09-17 06:41:53	2	0	1	0
            78	2026-09-17 06:42:47	2	0	1	0
           114	2026-09-17 06:45:20	2	0	1	0
           125	2026-09-17 06:45:26	2	0	1	0
            90	2026-09-17 06:45:42	2	0	1	0
           117	2026-09-17 06:46:11	2	0	1	0
           163	2026-09-17 06:46:34	2	0	1	0
            85	2026-09-17 06:48:27	2	0	1	0
           161	2026-09-17 06:49:11	2	0	1	0
           162	2026-09-17 06:49:15	2	0	1	0
           109	2026-09-17 06:49:29	2	0	1	0
           160	2026-09-17 06:50:01	2	0	1	0
           108	2026-09-17 06:50:08	2	0	1	0
            99	2026-09-17 06:51:49	2	0	1	0
             5	2026-09-17 06:53:16	2	0	1	0
            41	2026-09-17 06:55:08	2	0	1	0
            60	2026-09-17 06:55:22	2	0	1	0
            75	2026-09-17 06:56:09	2	0	1	0
           121	2026-09-17 06:57:38	2	0	1	0
            65	2026-09-17 06:59:16	2	0	3	0
            28	2026-09-17 06:59:36	2	0	1	0
           111	2026-09-17 07:00:21	2	0	1	0
           128	2026-09-17 07:01:21	2	0	1	0
            63	2026-09-17 07:02:23	2	0	1	0
           137	2026-09-17 07:02:40	2	0	1	0
           154	2026-09-17 07:02:53	2	0	1	0
           119	2026-09-17 07:02:55	2	0	1	0
           106	2026-09-17 07:03:09	2	0	1	0
            79	2026-09-17 07:05:03	2	0	1	0
            39	2026-09-17 07:06:43	2	0	1	0
            25	2026-09-17 07:09:02	2	0	1	0
            88	2026-09-17 07:13:17	2	0	1	0
           134	2026-09-17 07:13:57	2	0	1	0
            44	2026-09-17 07:14:03	2	0	1	0
            62	2026-09-17 07:15:17	2	0	1	0
            13	2026-09-17 07:16:27	2	0	1	0
             3	2026-09-17 07:18:26	2	0	1	0
            61	2026-09-17 07:21:01	2	0	1	0
            49	2026-09-17 07:21:13	2	0	1	0
           102	2026-09-17 07:22:26	2	0	1	0
            31	2026-09-17 07:35:05	2	0	1	0
           135	2026-09-17 07:41:56	2	0	1	0
            34	2026-09-17 07:43:29	2	0	1	0
            93	2026-09-17 07:44:56	2	0	1	0
            12	2026-09-17 07:46:27	2	0	1	0
           157	2026-09-17 07:47:31	2	0	1	0
            70	2026-09-17 07:55:56	2	0	1	0
            20	2026-09-17 08:07:29	2	0	1	0
           157	2026-09-17 16:59:50	2	1	1	0
            27	2026-09-17 17:17:54	2	0	1	0
           158	2026-09-17 17:49:19	2	0	1	0
            71	2026-09-17 17:58:01	2	0	1	0
           105	2026-09-17 18:09:06	2	0	1	0
           134	2026-09-17 18:10:20	2	1	1	0
            70	2026-09-17 18:10:58	2	0	1	0
           100	2026-09-17 18:12:23	2	0	1	0
           152	2026-09-17 18:19:43	2	0	1	0
            97	2026-09-17 18:24:08	2	0	1	0
            80	2026-09-17 18:24:30	2	0	1	0
            57	2026-09-17 18:24:37	2	0	1	0
           151	2026-09-17 18:26:24	2	0	1	0
            76	2026-09-17 18:30:12	2	0	1	0
           141	2026-09-17 18:30:56	2	0	3	0
           159	2026-09-17 18:36:54	2	0	1	0
            96	2026-09-17 18:37:06	2	0	1	0
           101	2026-09-17 18:37:54	2	0	1	0
            98	2026-09-17 18:38:28	2	0	1	0
            29	2026-09-17 18:40:11	2	0	1	0
            51	2026-09-17 18:42:02	2	0	1	0
            24	2026-09-17 18:42:26	2	0	1	0
           118	2026-09-17 18:42:58	2	0	1	0
           110	2026-09-17 18:46:18	2	0	1	0
            91	2026-09-17 18:46:41	2	0	3	0
             2	2026-09-17 18:49:10	2	0	1	0
           164	2026-09-17 18:49:49	2	0	1	0
            92	2026-09-17 18:49:57	2	0	1	0
             4	2026-09-17 18:53:58	2	0	1	0
            75	2026-09-17 18:59:56	2	1	1	0
           137	2026-09-17 19:01:53	2	1	1	0
            12	2026-09-17 19:02:25	2	1	1	0
            48	2026-09-17 19:05:54	2	0	1	0
           125	2026-09-17 19:10:04	2	1	1	0
           160	2026-09-17 19:10:17	2	1	1	0
           117	2026-09-17 19:10:23	2	1	1	0
            13	2026-09-17 19:10:26	2	1	1	0
           124	2026-09-17 19:10:35	2	1	1	0
           122	2026-09-17 19:10:42	2	1	1	0
           121	2026-09-17 19:10:55	2	1	1	0
            79	2026-09-17 19:11:06	2	1	1	0
            78	2026-09-17 19:15:18	2	1	1	0
            95	2026-09-17 19:17:19	2	1	1	0
            99	2026-09-17 19:17:59	2	1	1	0
            31	2026-09-17 19:19:10	2	1	1	0
           109	2026-09-17 19:22:37	2	1	1	0
           161	2026-09-17 19:22:43	2	1	1	0
           143	2026-09-17 19:22:47	2	1	1	0
            65	2026-09-17 19:23:15	2	1	3	0
            83	2026-09-17 19:23:29	2	1	1	0
           104	2026-09-17 19:23:37	2	1	1	0
           163	2026-09-17 19:23:58	2	1	1	0
           162	2026-09-17 19:24:01	2	1	1	0
            72	2026-09-17 19:24:06	2	1	1	0
             9	2026-09-17 19:24:14	2	1	1	0
           106	2026-09-17 19:24:21	2	1	1	0
             5	2026-09-17 19:24:40	2	1	1	0
           154	2026-09-17 19:26:37	2	1	1	0
            85	2026-09-17 19:26:48	2	1	1	0
           128	2026-09-17 19:27:10	2	1	1	0
            41	2026-09-17 19:28:51	2	1	1	0
            74	2026-09-17 19:29:07	2	1	1	0
           111	2026-09-17 19:33:33	2	1	1	0
            90	2026-09-17 19:48:58	2	1	1	0
           102	2026-09-17 20:04:46	2	1	1	0
             3	2026-09-17 20:04:54	2	1	1	0
            61	2026-09-17 20:05:39	2	1	1	0
            93	2026-09-17 20:06:02	2	1	1	0
            62	2026-09-17 20:06:10	2	1	1	0
            60	2026-09-17 20:07:15	2	1	1	0
           119	2026-09-17 20:08:55	2	1	1	0
            49	2026-09-17 20:15:13	2	1	1	0
            48	2026-09-17 20:15:47	2	1	1	0
            34	2026-09-17 20:16:39	2	1	1	0
           135	2026-09-17 20:19:18	2	1	1	0
            25	2026-09-17 20:24:29	2	1	1	0
            28	2026-09-17 20:24:53	2	1	1	0
            39	2026-09-17 21:07:20	2	1	1	0
            36	2026-09-17 21:07:25	2	1	1	0
            19	2026-09-17 21:07:48	2	1	1	0
           114	2026-09-17 21:10:20	2	1	1	0
           108	2026-09-17 21:10:33	2	1	1	0
            44	2026-09-17 21:11:37	2	1	1	0
            20	2026-09-17 21:57:27	2	1	1	0
            63	2026-09-17 21:57:44	2	1	1	0
            72	2026-09-18 06:20:18	2	0	1	0
            95	2026-09-18 06:20:29	2	0	1	0
           124	2026-09-18 06:24:40	2	0	1	0
            74	2026-09-18 06:26:23	2	0	1	0
           122	2026-09-18 06:27:21	2	0	1	0
           156	2026-09-18 06:28:35	2	0	1	0
           143	2026-09-18 06:28:49	2	0	1	0
            83	2026-09-18 06:30:34	2	0	1	0
             9	2026-09-18 06:31:05	2	0	1	0
            19	2026-09-18 06:31:22	2	0	1	0
           108	2026-09-18 06:31:46	2	0	1	0
           121	2026-09-18 06:31:55	2	0	1	0
            90	2026-09-18 06:35:33	2	0	1	0
           114	2026-09-18 06:38:51	2	0	1	0
            25	2026-09-18 06:39:28	2	0	1	0
            36	2026-09-18 06:40:57	2	0	1	0
            78	2026-09-18 06:42:19	2	0	1	0
           160	2026-09-18 06:42:22	2	0	1	0
           117	2026-09-18 06:42:28	2	0	1	0
           163	2026-09-18 06:42:39	2	0	1	0
           161	2026-09-18 06:46:35	2	0	1	0
           125	2026-09-18 06:46:56	2	0	1	0
            99	2026-09-18 06:48:52	2	0	1	0
           109	2026-09-18 06:49:07	2	0	1	0
            75	2026-09-18 06:50:18	2	0	1	0
           162	2026-09-18 06:52:14	2	0	1	0
           104	2026-09-18 06:54:32	2	0	1	0
           154	2026-09-18 06:55:42	2	0	1	0
           119	2026-09-18 06:55:43	2	0	1	0
            50	2026-09-18 06:57:04	2	0	1	0
             5	2026-09-18 06:57:34	2	0	1	0
            65	2026-09-18 06:57:48	2	0	3	0
            28	2026-09-18 06:59:32	2	0	1	0
            41	2026-09-18 07:01:36	2	0	1	0
            79	2026-09-18 07:01:43	2	0	1	0
           137	2026-09-18 07:01:52	2	0	1	0
            63	2026-09-18 07:04:00	2	0	1	0
           111	2026-09-18 07:05:01	2	0	1	0
           106	2026-09-18 07:06:18	2	0	1	0
            93	2026-09-18 07:07:34	2	0	1	0
            39	2026-09-18 07:08:09	2	0	1	0
            44	2026-09-18 07:12:45	2	0	1	0
           134	2026-09-18 07:13:27	2	0	1	0
            62	2026-09-18 07:14:41	2	0	1	0
           128	2026-09-18 07:16:17	2	0	1	0
             3	2026-09-18 07:17:49	2	0	1	0
           110	2026-09-18 07:18:44	2	1	1	0
            12	2026-09-18 07:20:50	2	0	1	0
           102	2026-09-18 07:20:57	2	0	1	0
            13	2026-09-18 07:21:04	2	0	1	0
            31	2026-09-18 07:23:33	2	0	1	0
            49	2026-09-18 07:23:50	2	0	1	0
            70	2026-09-18 07:31:58	2	0	1	0
            60	2026-09-18 07:34:24	2	0	1	0
            34	2026-09-18 07:40:28	2	0	1	0
           164	2026-09-18 07:41:39	2	1	1	0
           105	2026-09-18 07:43:24	2	0	1	0
           101	2026-09-18 07:43:36	2	1	1	0
            98	2026-09-18 07:44:07	2	1	1	0
           105	2026-09-18 07:44:39	2	1	1	0
            57	2026-09-18 07:44:45	2	1	1	0
            71	2026-09-18 07:45:20	2	1	1	0
           157	2026-09-18 07:45:24	2	0	1	0
            51	2026-09-18 07:45:47	2	1	1	0
             2	2026-09-18 07:45:58	2	1	1	0
            97	2026-09-18 07:47:34	2	1	1	0
            61	2026-09-18 07:47:55	2	0	1	0
            24	2026-09-18 07:48:04	2	1	1	0
            96	2026-09-18 07:48:08	2	1	1	0
            80	2026-09-18 07:48:24	2	1	1	0
           152	2026-09-18 07:48:27	2	1	1	0
           158	2026-09-18 07:48:34	2	1	1	0
           159	2026-09-18 07:48:41	2	1	1	0
            76	2026-09-18 07:49:03	2	1	1	0
           141	2026-09-18 07:49:38	2	1	3	0
            91	2026-09-18 07:49:51	2	1	3	0
           100	2026-09-18 07:49:57	2	1	1	0
           151	2026-09-18 07:52:13	2	1	1	0
            88	2026-09-18 07:53:18	2	0	1	0
           135	2026-09-18 07:54:18	2	0	1	0
            27	2026-09-18 07:59:45	2	1	1	0
            92	2026-09-18 08:42:23	2	1	1	0
            20	2026-09-18 08:45:21	2	1	1	0
           118	2026-09-18 08:54:21	2	1	1	0
            29	2026-09-18 08:54:44	2	1	1	0
             4	2026-09-18 09:14:52	2	1	1	0
           157	2026-09-18 16:59:07	2	1	1	0
            27	2026-09-18 17:52:02	2	0	1	0
           158	2026-09-18 17:56:08	2	0	1	0
           134	2026-09-18 17:57:23	2	1	1	0
            44	2026-09-18 17:57:37	2	1	1	0
            70	2026-09-18 18:05:14	2	0	1	0
           105	2026-09-18 18:06:41	2	0	1	0
            71	2026-09-18 18:12:21	2	0	1	0
           151	2026-09-18 18:15:16	2	0	1	0
            97	2026-09-18 18:16:30	2	0	1	0
            91	2026-09-18 18:18:59	2	0	3	0
           100	2026-09-18 18:21:22	2	0	1	0
            57	2026-09-18 18:22:12	2	0	1	0
            96	2026-09-18 18:24:25	2	0	1	0
            80	2026-09-18 18:26:34	2	0	1	0
           159	2026-09-18 18:26:50	2	0	1	0
           152	2026-09-18 18:32:16	2	0	1	0
           101	2026-09-18 18:38:38	2	0	1	0
            76	2026-09-18 18:38:51	2	0	1	0
            98	2026-09-18 18:38:56	2	0	1	0
           141	2026-09-18 18:40:01	2	0	3	0
           118	2026-09-18 18:40:19	2	0	1	0
            24	2026-09-18 18:43:58	2	0	1	0
             2	2026-09-18 18:46:46	2	0	1	0
           110	2026-09-18 18:49:29	2	0	1	0
            92	2026-09-18 18:50:38	2	0	1	0
            29	2026-09-18 18:51:04	2	0	1	0
             4	2026-09-18 18:55:28	2	0	1	0
            75	2026-09-18 18:58:42	2	1	1	0
            12	2026-09-18 18:59:26	2	1	1	0
           137	2026-09-18 19:00:48	2	1	1	0
            79	2026-09-18 19:01:30	2	1	1	0
            74	2026-09-18 19:02:58	2	1	1	0
           164	2026-09-18 19:03:51	2	0	1	0
            51	2026-09-18 19:11:12	2	0	1	0
            50	2026-09-18 19:15:03	2	1	1	0
           106	2026-09-18 19:18:35	2	1	1	0
            13	2026-09-18 19:19:15	2	1	1	0
            78	2026-09-18 19:20:08	2	1	1	0
           117	2026-09-18 19:20:15	2	1	1	0
           122	2026-09-18 19:20:32	2	1	1	0
           160	2026-09-18 19:20:45	2	1	1	0
           124	2026-09-18 19:20:49	2	1	1	0
            65	2026-09-18 19:21:21	2	1	3	0
           121	2026-09-18 19:21:28	2	1	1	0
           161	2026-09-18 19:21:38	2	1	1	0
           109	2026-09-18 19:21:44	2	1	1	0
            72	2026-09-18 19:21:49	2	1	1	0
           143	2026-09-18 19:21:56	2	1	1	0
            95	2026-09-18 19:22:27	2	1	1	0
           125	2026-09-18 19:22:33	2	1	1	0
           104	2026-09-18 19:22:43	2	1	1	0
           163	2026-09-18 19:23:07	2	1	1	0
           162	2026-09-18 19:23:16	2	1	1	0
           156	2026-09-18 19:23:21	2	1	1	0
            99	2026-09-18 19:24:37	2	1	1	0
           111	2026-09-18 19:27:10	2	1	1	0
             5	2026-09-18 19:27:41	2	1	1	0
            31	2026-09-18 19:28:15	2	1	1	0
           128	2026-09-18 19:29:35	2	1	1	0
            41	2026-09-18 19:31:43	2	1	1	0
            93	2026-09-18 19:31:56	2	1	1	0
            61	2026-09-18 19:32:08	2	1	1	0
            62	2026-09-18 19:33:29	2	1	1	0
            83	2026-09-18 19:33:50	2	1	1	0
             9	2026-09-18 19:50:42	2	1	1	0
            60	2026-09-18 19:59:40	2	1	1	0
           135	2026-09-18 20:04:14	2	1	1	0
           119	2026-09-18 20:10:19	2	0	1	0
           154	2026-09-18 20:10:38	2	1	1	0
            49	2026-09-18 20:10:53	2	1	1	0
            34	2026-09-18 20:14:16	2	1	1	0
            28	2026-09-18 20:40:48	2	1	1	0
            25	2026-09-18 20:41:02	2	1	1	0
            20	2026-09-18 20:45:42	2	0	1	0
             3	2026-09-18 20:46:47	2	1	1	0
            63	2026-09-18 20:47:55	2	1	1	0
            19	2026-09-18 21:12:46	2	1	1	0
            39	2026-09-18 21:14:44	2	1	1	0
           108	2026-09-18 21:14:51	2	1	1	0
            90	2026-09-18 21:15:08	2	1	1	0
            36	2026-09-18 21:15:34	2	1	1	0
           114	2026-09-18 21:17:43	2	1	1	0
            19	2026-09-19 06:35:52	2	0	1	0
            75	2026-09-19 06:49:34	2	0	1	0
            36	2026-09-19 06:54:58	2	0	1	0
            39	2026-09-19 07:01:39	2	0	1	0
           100	2026-09-19 07:16:55	2	1	1	0
           105	2026-09-19 07:18:59	2	1	1	0
            97	2026-09-19 07:19:08	2	1	1	0
            71	2026-09-19 07:19:15	2	1	1	0
            76	2026-09-19 07:20:07	2	1	1	0
           141	2026-09-19 07:20:25	2	1	3	0
            27	2026-09-19 07:20:31	2	1	1	0
           137	2026-09-19 07:20:42	2	0	1	0
           110	2026-09-19 07:21:05	2	1	1	0
           101	2026-09-19 07:22:53	2	1	1	0
            80	2026-09-19 07:23:00	2	1	1	0
            98	2026-09-19 07:23:07	2	1	1	0
            96	2026-09-19 07:24:15	2	1	1	0
            24	2026-09-19 07:27:02	2	1	1	0
           151	2026-09-19 07:27:13	2	1	1	0
           164	2026-09-19 07:27:37	2	1	1	0
            92	2026-09-19 07:27:59	2	1	1	0
            51	2026-09-19 07:28:20	2	1	1	0
            91	2026-09-19 07:28:33	2	1	3	0
           158	2026-09-19 07:28:45	2	1	1	0
           152	2026-09-19 07:28:51	2	1	1	0
           159	2026-09-19 07:28:58	2	1	1	0
             2	2026-09-19 07:29:04	2	1	1	0
            74	2026-09-19 07:29:49	2	0	1	0
            13	2026-09-19 07:31:10	2	0	1	0
             9	2026-09-19 07:33:51	2	0	1	0
           118	2026-09-19 07:37:06	2	1	1	0
            29	2026-09-19 07:37:18	2	1	1	0
            63	2026-09-19 07:41:24	2	0	1	0
            57	2026-09-19 07:41:40	2	1	1	0
           114	2026-09-19 07:47:49	2	0	1	0
           108	2026-09-19 07:51:37	2	0	1	0
            90	2026-09-19 07:53:37	2	0	1	0
            61	2026-09-19 08:21:45	2	0	1	0
            60	2026-09-19 08:22:21	2	0	1	0
            62	2026-09-19 08:22:35	2	0	1	0
           135	2026-09-19 08:29:25	2	0	1	0
            34	2026-09-19 08:41:08	2	0	1	0
             4	2026-09-19 09:06:35	2	1	1	0
            20	2026-09-19 09:13:30	2	0	1	0
           134	2026-09-19 09:26:19	2	0	1	0
            61	2026-09-19 12:04:33	2	1	1	0
            75	2026-09-19 12:45:48	2	1	1	0
             9	2026-09-19 13:16:50	2	1	1	0
            90	2026-09-19 14:01:35	2	1	1	0
           134	2026-09-19 14:35:13	2	1	1	0
            19	2026-09-19 14:37:09	2	1	1	0
            39	2026-09-19 14:37:21	2	1	1	0
            60	2026-09-19 14:37:32	2	1	1	0
            36	2026-09-19 14:38:25	2	1	1	0
           114	2026-09-19 14:41:52	2	1	1	0
           137	2026-09-19 14:43:53	2	1	1	0
            34	2026-09-19 14:48:43	2	1	1	0
           108	2026-09-19 14:55:35	2	1	1	0
            63	2026-09-19 15:09:30	2	1	1	0
            20	2026-09-19 15:09:41	2	1	1	0
            13	2026-09-19 15:52:45	2	1	1	0
            62	2026-09-19 16:04:29	2	1	1	0
           135	2026-09-19 16:11:58	2	1	1	0
           135	2026-09-20 09:42:20	2	0	1	0
           135	2026-09-20 14:17:58	2	1	1	0
            71	2026-09-21 06:07:51	2	0	1	0
           105	2026-09-21 06:10:26	2	0	1	0
            19	2026-09-21 06:14:16	2	0	1	0
            74	2026-09-21 06:16:18	2	0	1	0
            27	2026-09-21 06:22:22	2	0	1	0
           124	2026-09-21 06:27:37	2	0	1	0
           121	2026-09-21 06:28:10	2	0	1	0
           122	2026-09-21 06:32:30	2	0	1	0
           108	2026-09-21 06:33:30	2	0	1	0
             9	2026-09-21 06:34:18	2	0	1	0
            95	2026-09-21 06:40:05	2	0	1	0
           114	2026-09-21 06:40:47	2	1	1	0
           100	2026-09-21 06:40:55	2	0	1	0
           156	2026-09-21 06:41:01	2	0	1	0
           104	2026-09-21 06:41:12	2	0	1	0
           101	2026-09-21 06:41:23	2	0	1	0
           109	2026-09-21 06:41:28	2	0	1	0
            98	2026-09-21 06:42:04	2	0	1	0
            83	2026-09-21 06:42:07	2	0	1	0
           163	2026-09-21 06:42:56	2	0	1	0
           125	2026-09-21 06:44:12	2	0	1	0
            90	2026-09-21 06:44:27	2	0	1	0
            80	2026-09-21 06:44:52	2	0	1	0
            36	2026-09-21 06:46:28	2	0	1	0
            92	2026-09-21 06:46:44	2	0	1	0
            76	2026-09-21 06:48:13	2	0	1	0
            75	2026-09-21 06:48:22	2	0	1	0
            78	2026-09-21 06:48:46	2	0	1	0
           137	2026-09-21 06:49:03	2	0	1	0
           152	2026-09-21 06:49:28	2	0	1	0
           161	2026-09-21 06:49:34	2	0	1	0
            91	2026-09-21 06:49:54	2	0	3	0
           158	2026-09-21 06:50:27	2	0	1	0
           151	2026-09-21 06:50:50	2	0	1	0
           160	2026-09-21 06:52:18	2	0	1	0
            99	2026-09-21 06:52:33	2	0	1	0
             2	2026-09-21 06:52:54	2	0	1	0
            85	2026-09-21 06:53:09	2	0	1	0
           117	2026-09-21 06:54:39	2	0	1	0
            63	2026-09-21 06:58:01	2	0	1	0
           110	2026-09-21 06:58:47	2	0	1	0
             5	2026-09-21 06:59:30	2	0	1	0
            57	2026-09-21 06:59:37	2	0	1	0
            51	2026-09-21 06:59:48	2	0	1	0
             4	2026-09-21 07:00:28	2	0	1	0
           141	2026-09-21 07:00:40	2	0	3	0
           162	2026-09-21 07:00:44	2	0	1	0
           143	2026-09-21 07:01:17	2	0	1	0
           159	2026-09-21 07:01:54	2	0	1	0
           118	2026-09-21 07:02:24	2	0	1	0
            65	2026-09-21 07:03:24	2	0	3	0
           119	2026-09-21 07:04:02	2	0	1	0
            72	2026-09-21 07:05:39	2	0	1	0
            97	2026-09-21 07:06:13	2	0	1	0
           111	2026-09-21 07:07:20	2	0	1	0
            29	2026-09-21 07:07:48	2	0	1	0
            25	2026-09-21 07:10:01	2	0	1	0
            96	2026-09-21 07:10:38	2	0	1	0
           128	2026-09-21 07:11:24	2	0	1	0
            39	2026-09-21 07:11:35	2	0	1	0
            79	2026-09-21 07:13:05	2	0	1	0
            41	2026-09-21 07:15:51	2	0	1	0
           164	2026-09-21 07:16:41	2	0	1	0
           102	2026-09-21 07:17:07	2	0	1	0
            61	2026-09-21 07:17:31	2	0	1	0
            60	2026-09-21 07:17:48	2	0	1	0
            44	2026-09-21 07:21:18	2	0	1	0
           134	2026-09-21 07:21:45	2	0	1	0
            49	2026-09-21 07:21:53	2	0	1	0
            48	2026-09-21 07:21:59	2	0	1	0
            93	2026-09-21 07:27:10	2	0	1	0
            13	2026-09-21 07:27:38	2	0	1	0
            88	2026-09-21 07:29:33	2	0	1	0
            28	2026-09-21 07:32:43	2	0	1	0
            31	2026-09-21 07:35:46	2	0	1	0
             3	2026-09-21 07:37:53	2	0	1	0
           157	2026-09-21 07:38:23	2	0	1	0
            12	2026-09-21 07:39:05	2	0	1	0
           135	2026-09-21 07:47:05	2	0	1	0
            34	2026-09-21 07:53:03	2	0	1	0
           106	2026-09-21 08:28:37	2	0	1	0
            49	2026-09-21 10:43:54	2	1	1	0
            97	2026-09-21 10:59:21	2	1	1	0
           157	2026-09-21 17:03:13	2	1	1	0
           135	2026-09-21 18:23:59	2	1	1	0
            93	2026-09-21 18:42:28	2	1	1	0
            12	2026-09-21 18:42:47	2	1	1	0
            61	2026-09-21 18:42:53	2	1	1	0
            60	2026-09-21 18:42:58	2	1	1	0
            75	2026-09-21 18:56:15	2	1	1	0
           137	2026-09-21 18:57:45	2	1	1	0
             3	2026-09-21 18:58:50	2	1	1	0
            13	2026-09-21 19:05:49	2	1	1	0
            34	2026-09-21 19:11:25	2	1	1	0
            79	2026-09-21 19:15:35	2	1	1	0
            36	2026-09-21 19:17:27	2	1	1	0
             9	2026-09-21 19:17:34	2	1	1	0
            39	2026-09-21 19:17:40	2	1	1	0
            19	2026-09-21 19:17:57	2	1	1	0
           134	2026-09-21 19:19:41	2	1	1	0
            44	2026-09-21 19:19:59	2	1	1	0
           114	2026-09-21 19:20:24	2	1	1	0
            31	2026-09-21 19:20:30	2	1	1	0
           108	2026-09-21 19:20:39	2	1	1	0
            90	2026-09-21 19:21:28	2	1	1	0
           102	2026-09-21 19:23:41	2	1	1	0
           122	2026-09-21 19:24:33	2	1	1	0
           119	2026-09-21 19:24:43	2	1	1	0
           117	2026-09-21 19:25:12	2	1	1	0
            50	2026-09-21 19:28:23	2	1	1	0
            72	2026-09-21 19:28:33	2	1	1	0
           121	2026-09-21 19:28:54	2	1	1	0
           125	2026-09-21 19:29:00	2	1	1	0
           105	2026-09-21 19:29:12	2	1	1	0
           160	2026-09-21 19:30:20	2	1	1	0
           124	2026-09-21 19:30:33	2	1	1	0
            99	2026-09-21 19:30:42	2	1	1	0
             2	2026-09-21 19:30:47	2	1	1	0
            92	2026-09-21 19:30:55	2	1	1	0
           164	2026-09-21 19:31:10	2	1	1	0
            91	2026-09-21 19:33:03	2	1	3	0
            71	2026-09-21 19:33:20	2	1	1	0
            88	2026-09-21 19:33:30	2	1	1	0
            95	2026-09-21 19:33:46	2	1	1	0
           143	2026-09-21 19:35:47	2	1	1	0
           109	2026-09-21 19:36:16	2	1	1	0
           162	2026-09-21 19:36:27	2	1	1	0
           156	2026-09-21 19:36:37	2	1	1	0
           161	2026-09-21 19:36:43	2	1	1	0
            76	2026-09-21 19:36:50	2	1	1	0
           141	2026-09-21 19:37:11	2	1	3	0
           100	2026-09-21 19:37:19	2	1	1	0
           163	2026-09-21 19:37:35	2	1	1	0
            48	2026-09-21 19:37:41	2	1	1	0
           104	2026-09-21 19:37:48	2	0	1	0
           101	2026-09-21 19:37:51	2	1	1	0
            98	2026-09-21 19:38:16	2	1	1	0
           151	2026-09-21 19:38:23	2	1	1	0
            85	2026-09-21 19:38:32	2	1	1	0
            65	2026-09-21 19:38:52	2	1	3	0
            78	2026-09-21 19:38:58	2	1	1	0
           152	2026-09-21 19:39:01	2	1	1	0
           128	2026-09-21 19:39:07	2	1	1	0
           159	2026-09-21 19:39:13	2	1	1	0
            27	2026-09-21 19:39:19	2	1	1	0
            74	2026-09-21 19:39:32	2	1	1	0
           158	2026-09-21 19:39:45	2	1	1	0
           110	2026-09-21 19:39:53	2	1	1	0
           106	2026-09-21 19:40:08	2	1	1	0
            57	2026-09-21 19:40:28	2	1	1	0
            41	2026-09-21 19:40:49	2	1	1	0
            51	2026-09-21 19:41:38	2	1	1	0
            80	2026-09-21 19:41:45	2	1	1	0
            96	2026-09-21 19:41:50	2	1	1	0
            83	2026-09-21 19:44:27	2	1	1	0
           111	2026-09-21 19:44:40	2	1	1	0
             5	2026-09-21 19:46:19	2	1	1	0
            63	2026-09-21 19:46:31	2	1	1	0
             4	2026-09-21 19:47:26	2	1	1	0
            29	2026-09-21 19:49:07	2	1	1	0
            28	2026-09-21 19:54:08	2	1	1	0
            25	2026-09-21 19:54:11	2	1	1	0
           118	2026-09-21 19:56:09	2	1	1	0
           135	2026-09-21 20:06:05	2	1	1	0
            71	2026-09-22 06:07:57	2	0	1	0
           122	2026-09-22 06:16:45	2	0	1	0
            27	2026-09-22 06:17:37	2	0	1	0
            74	2026-09-22 06:22:31	2	0	1	0
           105	2026-09-22 06:23:06	2	0	1	0
            72	2026-09-22 06:28:43	2	0	1	0
           114	2026-09-22 06:29:51	2	0	1	0
            19	2026-09-22 06:32:29	2	0	1	0
           124	2026-09-22 06:33:44	2	0	1	0
            83	2026-09-22 06:34:00	2	0	1	0
            95	2026-09-22 06:34:09	2	0	1	0
           121	2026-09-22 06:35:59	2	0	1	0
             9	2026-09-22 06:38:16	2	0	1	0
           104	2026-09-22 06:40:18	2	0	1	0
           151	2026-09-22 06:40:40	2	0	1	0
           160	2026-09-22 06:40:47	2	0	1	0
           156	2026-09-22 06:43:01	2	0	1	0
            76	2026-09-22 06:43:24	2	0	1	0
            78	2026-09-22 06:45:14	2	0	1	0
           109	2026-09-22 06:45:33	2	0	1	0
            80	2026-09-22 06:45:48	2	0	1	0
            90	2026-09-22 06:47:15	2	0	1	0
           162	2026-09-22 06:47:20	2	0	1	0
             2	2026-09-22 06:47:25	2	0	1	0
           117	2026-09-22 06:48:14	2	0	1	0
            92	2026-09-22 06:48:21	2	0	1	0
           163	2026-09-22 06:48:25	2	0	1	0
           158	2026-09-22 06:48:31	2	0	1	0
             5	2026-09-22 06:49:43	2	0	1	0
             4	2026-09-22 06:50:54	2	0	1	0
           125	2026-09-22 06:51:45	2	0	1	0
            96	2026-09-22 06:51:52	2	0	1	0
           118	2026-09-22 06:52:14	2	0	1	0
            36	2026-09-22 06:52:35	2	0	1	0
            48	2026-09-22 06:52:41	2	0	1	0
            24	2026-09-22 06:53:41	2	0	1	0
            75	2026-09-22 06:54:40	2	0	1	0
           137	2026-09-22 06:55:06	2	0	1	0
           152	2026-09-22 06:55:11	2	0	1	0
            65	2026-09-22 06:55:21	2	0	3	0
           159	2026-09-22 06:55:29	2	0	1	0
           101	2026-09-22 06:55:33	2	0	1	0
            98	2026-09-22 06:55:55	2	0	1	0
           108	2026-09-22 06:56:12	2	0	1	0
            41	2026-09-22 06:56:41	2	0	1	0
           100	2026-09-22 06:56:52	2	0	1	0
           161	2026-09-22 06:57:42	2	0	1	0
            99	2026-09-22 06:57:50	2	0	1	0
            91	2026-09-22 06:58:11	2	0	3	0
            63	2026-09-22 06:58:23	2	0	1	0
            57	2026-09-22 06:58:38	2	0	1	0
           111	2026-09-22 07:00:33	2	0	1	0
           110	2026-09-22 07:00:59	2	0	1	0
           106	2026-09-22 07:02:59	2	0	1	0
            39	2026-09-22 07:03:56	2	0	1	0
            85	2026-09-22 07:06:14	2	0	1	0
            28	2026-09-22 07:06:33	2	0	1	0
           128	2026-09-22 07:06:39	2	0	1	0
           154	2026-09-22 07:07:26	2	0	1	0
           119	2026-09-22 07:07:28	2	0	1	0
            44	2026-09-22 07:08:50	2	0	1	0
            29	2026-09-22 07:09:30	2	0	1	0
            79	2026-09-22 07:09:49	2	0	1	0
            50	2026-09-22 07:09:56	2	0	1	0
           143	2026-09-22 07:10:00	2	0	1	0
           134	2026-09-22 07:10:13	2	0	1	0
            25	2026-09-22 07:12:51	2	0	1	0
           164	2026-09-22 07:19:06	2	0	1	0
            31	2026-09-22 07:20:42	2	0	1	0
             3	2026-09-22 07:23:25	2	0	1	0
            60	2026-09-22 07:26:57	2	0	1	0
            61	2026-09-22 07:28:32	2	0	1	0
            12	2026-09-22 07:29:20	2	0	1	0
            13	2026-09-22 07:29:33	2	0	1	0
           102	2026-09-22 07:31:44	2	0	1	0
            49	2026-09-22 07:32:35	2	0	1	0
            93	2026-09-22 07:38:15	2	1	1	0
           157	2026-09-22 07:41:51	2	0	1	0
           135	2026-09-22 07:43:46	2	0	1	0
            34	2026-09-22 07:45:31	2	0	1	0
            88	2026-09-22 07:49:22	2	0	1	0
           141	2026-09-22 07:52:24	2	0	3	0
            24	2026-09-22 09:33:19	2	1	1	0
            51	2026-09-22 10:17:39	2	0	1	0
           100	2026-09-22 11:18:28	2	1	1	0
           163	2026-09-22 14:21:30	2	1	1	0
            95	2026-09-22 14:21:41	2	1	1	0
            75	2026-09-22 17:00:01	2	1	1	0
            19	2026-09-22 17:00:33	2	1	1	0
            79	2026-09-22 17:00:47	2	1	1	0
            36	2026-09-22 17:01:50	2	1	1	0
            39	2026-09-22 17:02:21	2	1	1	0
           157	2026-09-22 17:16:51	2	1	1	0
           134	2026-09-22 17:28:08	2	1	1	0
            44	2026-09-22 17:28:43	2	1	1	0
           135	2026-09-22 17:44:18	2	1	1	0
            74	2026-09-22 17:56:18	2	1	1	0
            61	2026-09-22 18:52:07	2	1	1	0
            60	2026-09-22 18:52:20	2	1	1	0
            12	2026-09-22 19:01:32	2	1	1	0
             9	2026-09-22 19:02:40	2	1	1	0
            34	2026-09-22 19:04:42	2	1	1	0
           125	2026-09-22 19:09:01	2	1	1	0
           137	2026-09-22 19:09:15	2	1	1	0
           122	2026-09-22 19:09:29	2	1	1	0
           117	2026-09-22 19:09:39	2	1	1	0
            99	2026-09-22 19:10:01	2	1	1	0
           101	2026-09-22 19:10:22	2	1	1	0
            85	2026-09-22 19:10:25	2	1	1	0
             2	2026-09-22 19:10:28	2	1	1	0
           160	2026-09-22 19:10:37	2	1	1	0
            98	2026-09-22 19:10:57	2	1	1	0
           102	2026-09-22 19:11:20	2	1	1	0
           124	2026-09-22 19:11:24	2	1	1	0
           159	2026-09-22 19:11:34	2	1	1	0
            31	2026-09-22 19:11:40	2	1	1	0
           158	2026-09-22 19:11:46	2	1	1	0
            98	2026-09-22 19:11:59	2	1	1	0
            72	2026-09-22 19:12:20	2	1	1	0
            13	2026-09-22 19:12:23	2	1	1	0
           121	2026-09-22 19:12:30	2	1	1	0
            71	2026-09-22 19:12:33	2	1	1	0
           143	2026-09-22 19:12:36	2	1	1	0
           114	2026-09-22 19:12:46	2	1	1	0
           105	2026-09-22 19:12:52	2	1	1	0
            80	2026-09-22 19:12:55	2	1	1	0
            96	2026-09-22 19:12:58	2	1	1	0
           128	2026-09-22 19:13:02	2	1	1	0
            57	2026-09-22 19:13:09	2	1	1	0
           152	2026-09-22 19:13:18	2	1	1	0
            65	2026-09-22 19:14:00	2	1	3	0
            50	2026-09-22 19:14:06	2	1	1	0
           151	2026-09-22 19:14:40	2	1	1	0
           110	2026-09-22 19:15:19	2	0	1	0
           106	2026-09-22 19:15:33	2	1	1	0
            91	2026-09-22 19:16:09	2	1	3	0
            41	2026-09-22 19:16:47	2	1	1	0
           161	2026-09-22 19:18:05	2	1	1	0
           104	2026-09-22 19:18:11	2	1	1	0
           109	2026-09-22 19:18:22	2	1	1	0
           162	2026-09-22 19:18:26	2	1	1	0
           156	2026-09-22 19:18:59	2	1	1	0
            78	2026-09-22 19:19:14	2	1	1	0
            27	2026-09-22 19:19:51	2	1	1	0
            83	2026-09-22 19:22:10	2	1	1	0
           141	2026-09-22 19:22:23	2	1	3	0
            92	2026-09-22 19:23:03	2	1	1	0
            51	2026-09-22 19:23:10	2	1	1	0
            76	2026-09-22 19:23:28	2	1	1	0
           164	2026-09-22 19:23:34	2	1	1	0
           154	2026-09-22 19:24:04	2	1	1	0
           119	2026-09-22 19:24:07	2	1	1	0
           118	2026-09-22 19:24:17	2	1	1	0
            48	2026-09-22 19:25:02	2	1	1	0
            29	2026-09-22 19:25:17	2	1	1	0
            49	2026-09-22 19:25:23	2	1	1	0
            63	2026-09-22 19:29:44	2	1	1	0
             5	2026-09-22 19:35:44	2	1	1	0
            28	2026-09-22 19:36:59	2	1	1	0
            25	2026-09-22 19:37:27	2	1	1	0
           111	2026-09-22 19:53:29	2	1	1	0
             4	2026-09-22 19:58:37	2	1	3	0
             3	2026-09-22 19:58:46	2	1	1	0
            90	2026-09-22 20:02:22	2	1	1	0
            71	2026-09-23 06:12:20	2	0	1	0
            74	2026-09-23 06:13:04	2	1	1	0
           108	2026-09-23 06:31:14	2	0	1	0
            19	2026-09-23 06:31:45	2	0	1	0
             9	2026-09-23 06:32:40	2	0	1	0
           105	2026-09-23 06:36:27	2	0	1	0
           158	2026-09-23 06:36:40	2	0	1	0
            97	2026-09-23 06:36:51	2	0	1	0
            27	2026-09-23 06:44:57	2	0	1	0
            76	2026-09-23 06:45:18	2	0	1	0
            80	2026-09-23 06:48:23	2	0	1	0
            24	2026-09-23 06:50:50	2	0	1	0
            75	2026-09-23 06:51:02	2	0	1	0
           114	2026-09-23 06:51:10	2	0	1	0
             2	2026-09-23 06:51:27	2	0	1	0
           143	2026-09-23 06:51:50	2	0	1	0
           151	2026-09-23 06:52:27	2	0	1	0
            92	2026-09-23 06:53:11	2	0	1	0
            48	2026-09-23 06:53:35	2	0	1	0
           101	2026-09-23 06:53:41	2	0	1	0
            63	2026-09-23 06:53:45	2	0	1	0
            90	2026-09-23 06:53:53	2	0	1	0
            36	2026-09-23 06:54:04	2	0	1	0
           159	2026-09-23 06:54:14	2	0	1	0
            98	2026-09-23 06:54:22	2	0	1	0
            96	2026-09-23 06:54:28	2	0	1	0
            91	2026-09-23 06:54:41	2	0	3	0
           110	2026-09-23 06:54:47	2	0	1	0
           141	2026-09-23 06:56:26	2	0	3	0
           137	2026-09-23 07:00:02	2	0	1	0
             4	2026-09-23 07:00:23	2	0	1	0
           118	2026-09-23 07:01:36	2	0	1	0
           111	2026-09-23 07:01:56	2	0	1	0
            79	2026-09-23 07:03:47	2	0	1	0
            88	2026-09-23 07:04:17	2	0	1	0
            51	2026-09-23 07:06:16	2	0	1	0
           164	2026-09-23 07:08:02	2	0	1	0
            29	2026-09-23 07:08:59	2	0	1	0
           152	2026-09-23 07:11:03	2	0	1	0
            57	2026-09-23 07:11:32	2	0	1	0
             3	2026-09-23 07:16:26	2	0	1	0
           134	2026-09-23 07:16:57	2	0	1	0
            44	2026-09-23 07:17:42	2	0	1	0
            60	2026-09-23 07:21:59	2	0	1	0
            31	2026-09-23 07:23:54	2	0	1	0
            39	2026-09-23 07:23:59	2	0	1	0
            61	2026-09-23 07:30:39	2	0	1	0
            13	2026-09-23 07:30:44	2	0	1	0
           102	2026-09-23 07:33:02	2	0	1	0
            25	2026-09-23 07:38:52	2	0	1	0
           157	2026-09-23 07:43:06	2	0	1	0
            34	2026-09-23 07:46:08	2	0	1	0
           135	2026-09-23 08:02:30	2	0	1	0
            20	2026-09-23 08:05:42	2	0	1	0
            12	2026-09-23 08:39:19	2	0	1	0
            93	2026-09-23 08:47:47	2	0	1	0
             5	2026-09-23 09:20:44	2	0	1	0
            75	2026-09-23 16:57:57	2	1	1	0
           157	2026-09-23 16:59:28	2	1	1	0
            19	2026-09-23 16:59:38	2	1	1	0
            79	2026-09-23 17:00:18	2	1	1	0
            36	2026-09-23 17:00:34	2	1	1	0
            39	2026-09-23 17:03:17	2	1	1	0
            44	2026-09-23 17:06:13	2	1	1	0
            31	2026-09-23 17:12:08	2	1	1	0
            57	2026-09-23 17:12:28	2	0	1	0
           105	2026-09-23 17:12:54	2	1	1	0
            97	2026-09-23 17:13:07	2	1	1	0
           110	2026-09-23 17:14:24	2	1	1	0
           118	2026-09-23 17:14:52	2	1	1	0
           143	2026-09-23 17:15:03	2	1	1	0
             2	2026-09-23 17:15:13	2	1	1	0
           101	2026-09-23 17:15:29	2	1	1	0
            98	2026-09-23 17:15:36	2	1	1	0
            48	2026-09-23 17:17:12	2	1	1	0
            71	2026-09-23 17:17:35	2	1	1	0
            80	2026-09-23 17:18:08	2	1	1	0
           159	2026-09-23 17:18:15	2	1	1	0
            96	2026-09-23 17:18:19	2	1	1	0
           158	2026-09-23 17:18:55	2	1	1	0
            91	2026-09-23 17:19:32	2	1	3	0
             9	2026-09-23 17:19:43	2	1	1	0
            29	2026-09-23 17:20:43	2	1	1	0
           141	2026-09-23 17:21:01	2	1	3	0
            76	2026-09-23 17:21:15	2	1	1	0
           152	2026-09-23 17:21:40	2	1	1	0
           164	2026-09-23 17:24:02	2	1	1	0
            51	2026-09-23 17:24:11	2	1	1	0
            92	2026-09-23 17:24:18	2	1	1	0
            74	2026-09-23 17:27:56	2	1	1	0
           151	2026-09-23 17:28:37	2	1	1	0
            27	2026-09-23 17:28:43	2	1	1	0
            88	2026-09-23 17:41:58	2	1	1	0
            93	2026-09-23 17:56:52	2	1	1	0
            61	2026-09-23 18:04:36	2	1	1	0
            60	2026-09-23 18:06:14	2	1	1	0
           114	2026-09-23 18:07:40	2	1	1	0
            90	2026-09-23 18:07:58	2	1	1	0
           137	2026-09-23 18:08:14	2	1	1	0
            12	2026-09-23 18:08:35	2	1	1	0
           108	2026-09-23 18:08:48	2	1	1	0
            13	2026-09-23 18:09:10	2	1	1	0
            24	2026-09-23 18:09:46	2	1	1	0
            34	2026-09-23 18:19:14	2	1	1	0
            25	2026-09-23 18:21:21	2	1	1	0
           102	2026-09-23 18:24:22	2	1	1	0
           134	2026-09-23 18:24:29	2	1	1	0
             3	2026-09-23 18:27:08	2	1	1	0
             4	2026-09-23 18:31:57	2	1	1	0
             5	2026-09-23 18:44:41	2	1	1	0
           111	2026-09-23 18:44:54	2	1	1	0
           135	2026-09-23 18:57:44	2	1	1	0
            20	2026-09-23 19:12:48	2	1	1	0
            63	2026-09-23 19:12:51	2	1	1	0
            71	2026-09-24 06:13:50	2	0	1	0
            74	2026-09-24 06:30:32	2	0	1	0
             9	2026-09-24 06:32:59	2	0	1	0
            19	2026-09-24 06:38:12	2	0	1	0
            90	2026-09-24 06:46:26	2	0	1	0
           151	2026-09-24 06:53:00	2	0	1	0
            24	2026-09-24 06:54:23	2	0	1	0
           108	2026-09-24 06:59:37	2	0	1	0
           118	2026-09-24 07:01:14	2	0	1	0
            80	2026-09-24 07:01:21	2	0	1	0
           159	2026-09-24 07:01:35	2	0	1	0
            48	2026-09-24 07:01:56	2	0	1	0
            36	2026-09-24 07:02:11	2	0	1	0
            75	2026-09-24 07:02:32	2	0	1	0
           111	2026-09-24 07:05:05	2	0	1	0
           158	2026-09-24 07:05:25	2	0	1	0
            97	2026-09-24 07:05:53	2	0	1	0
           137	2026-09-24 07:06:40	2	0	1	0
            79	2026-09-24 07:10:36	2	0	1	0
            39	2026-09-24 07:11:18	2	0	1	0
            57	2026-09-24 07:11:52	2	0	1	0
            91	2026-09-24 07:12:15	2	0	3	0
            92	2026-09-24 07:14:24	2	0	1	0
           114	2026-09-24 07:15:24	2	0	1	0
            96	2026-09-24 07:16:55	2	0	1	0
             5	2026-09-24 07:18:54	2	0	1	0
            76	2026-09-24 07:21:53	2	0	1	0
           141	2026-09-24 07:22:33	2	0	3	0
             2	2026-09-24 07:26:29	2	0	1	0
            27	2026-09-24 07:27:06	2	0	1	0
             3	2026-09-24 07:27:17	2	0	1	0
           152	2026-09-24 07:28:22	2	0	1	0
            13	2026-09-24 07:28:40	2	0	1	0
           101	2026-09-24 07:29:21	2	0	1	0
            98	2026-09-24 07:29:27	2	0	1	0
           143	2026-09-24 07:31:29	2	0	1	0
            44	2026-09-24 07:31:39	2	0	1	0
           134	2026-09-24 07:32:01	2	0	1	0
            51	2026-09-24 07:34:33	2	0	1	0
           102	2026-09-24 07:35:14	2	0	1	0
           135	2026-09-24 07:37:24	2	0	1	0
            88	2026-09-24 07:38:03	2	0	1	0
            29	2026-09-24 07:38:41	2	0	1	0
           105	2026-09-24 07:42:04	2	0	1	0
            61	2026-09-24 07:42:25	2	0	1	0
            60	2026-09-24 07:42:47	2	0	1	0
            63	2026-09-24 07:42:54	2	0	1	0
           164	2026-09-24 07:43:43	2	0	1	0
            31	2026-09-24 07:44:45	2	0	1	0
            20	2026-09-24 07:50:19	2	0	1	0
           110	2026-09-24 07:52:12	2	0	1	0
             4	2026-09-24 07:54:18	2	0	1	0
            25	2026-09-24 08:07:41	2	0	1	0
           157	2026-09-24 08:08:02	2	0	1	0
            34	2026-09-24 08:10:40	2	0	1	0
            12	2026-09-24 08:13:07	2	0	1	0
             9	2026-09-24 14:39:01	2	1	1	0
            75	2026-09-24 16:58:09	2	1	1	0
           157	2026-09-24 16:59:00	2	1	1	0
            12	2026-09-24 16:59:10	2	1	1	0
            36	2026-09-24 17:01:31	2	1	1	0
            79	2026-09-24 17:01:53	2	1	1	0
            19	2026-09-24 17:01:58	2	1	1	0
            39	2026-09-24 17:02:21	2	1	1	0
           137	2026-09-24 17:03:02	2	1	1	0
           114	2026-09-24 17:03:43	2	1	1	0
            61	2026-09-24 17:09:53	2	1	1	0
            57	2026-09-24 17:09:59	2	1	1	0
             2	2026-09-24 17:10:19	2	1	1	0
           105	2026-09-24 17:10:40	2	1	1	0
            96	2026-09-24 17:12:17	2	1	1	0
           143	2026-09-24 17:12:32	2	1	1	0
            80	2026-09-24 17:12:34	2	1	1	0
           118	2026-09-24 17:12:47	2	1	1	0
            48	2026-09-24 17:15:17	2	1	1	0
            71	2026-09-24 17:15:29	2	1	1	0
            51	2026-09-24 17:16:10	2	1	1	0
           164	2026-09-24 17:16:18	2	1	1	0
            92	2026-09-24 17:16:26	2	1	1	0
            27	2026-09-24 17:16:34	2	1	1	0
            60	2026-09-24 17:16:43	2	1	1	0
            13	2026-09-24 17:16:56	2	1	1	0
           110	2026-09-24 17:17:06	2	1	1	0
            31	2026-09-24 17:17:21	2	1	1	0
            97	2026-09-24 17:17:41	2	1	1	0
           151	2026-09-24 17:17:53	2	1	1	0
           135	2026-09-24 17:18:19	2	1	1	0
           108	2026-09-24 17:18:25	2	1	1	0
            90	2026-09-24 17:18:47	2	1	1	0
           134	2026-09-24 17:20:30	2	1	1	0
           101	2026-09-24 17:20:33	2	1	1	0
            98	2026-09-24 17:20:42	2	1	1	0
            44	2026-09-24 17:22:51	2	1	1	0
           141	2026-09-24 17:23:59	2	1	3	0
           159	2026-09-24 17:24:11	2	1	1	0
           158	2026-09-24 17:24:18	2	1	1	0
            76	2026-09-24 17:24:24	2	1	1	0
            29	2026-09-24 17:24:39	2	1	1	0
           152	2026-09-24 17:25:03	2	1	1	0
            91	2026-09-24 17:25:23	2	1	3	0
            34	2026-09-24 17:25:45	2	1	1	0
            74	2026-09-24 17:27:12	2	1	1	0
            24	2026-09-24 17:32:07	2	1	1	0
            63	2026-09-24 17:35:24	2	1	1	0
            20	2026-09-24 17:35:45	2	1	1	0
           102	2026-09-24 17:51:36	2	1	1	0
             3	2026-09-24 17:52:14	2	1	1	0
            25	2026-09-24 18:16:43	2	1	1	0
           111	2026-09-24 18:26:23	2	1	1	0
             4	2026-09-24 18:29:25	2	1	3	0
             5	2026-09-24 18:30:08	2	1	1	0
